/*
 Navicat Premium Data Transfer

 Source Server         : root
 Source Server Type    : MySQL
 Source Server Version : 80016
 Source Host           : localhost:3306
 Source Schema         : deam

 Target Server Type    : MySQL
 Target Server Version : 80016
 File Encoding         : 65001

 Date: 15/07/2019 09:18:32
*/
 CREATE DATABASE beam;

SET NAMES utf8mb4;
SET FOREIGN_KEY_CHECKS = 0;

-- ----------------------------
-- Table structure for meeting_course
-- ----------------------------
DROP TABLE IF EXISTS `meeting_course`;
CREATE TABLE `meeting_course`  (
  `id` bigint(20) NOT NULL AUTO_INCREMENT,
  `course_name` varchar(255) CHARACTER SET utf8mb4 COLLATE utf8mb4_0900_ai_ci NULL DEFAULT NULL COMMENT '课件名',
  `course_url` varchar(255) CHARACTER SET utf8mb4 COLLATE utf8mb4_0900_ai_ci NULL DEFAULT NULL COMMENT '课件ftp路径',
  `course_size` varchar(20) CHARACTER SET utf8mb4 COLLATE utf8mb4_0900_ai_ci NULL DEFAULT NULL COMMENT '课件大小',
  `course_times` int(20) NULL DEFAULT NULL COMMENT '课件下载次数',
  `create_time` datetime(0) NULL DEFAULT NULL COMMENT '创建时间',
  `update_time` datetime(0) NULL DEFAULT NULL COMMENT '更新时间',
  PRIMARY KEY (`id`) USING BTREE
) ENGINE = InnoDB AUTO_INCREMENT = 53 CHARACTER SET = utf8mb4 COLLATE = utf8mb4_0900_ai_ci ROW_FORMAT = Dynamic;

-- ----------------------------
-- Table structure for meeting_list
-- ----------------------------
DROP TABLE IF EXISTS `meeting_list`;
CREATE TABLE `meeting_list`  (
  `id` bigint(20) NOT NULL,
  `code` bigint(20) NULL DEFAULT NULL COMMENT '编号',
  `meeting_time` datetime(0) NULL DEFAULT NULL COMMENT '会议日期',
  `hospital_name` varchar(255) CHARACTER SET utf8mb4 COLLATE utf8mb4_0900_ai_ci NULL DEFAULT NULL COMMENT '医院名称',
  `city` varchar(255) CHARACTER SET utf8mb4 COLLATE utf8mb4_0900_ai_ci NULL DEFAULT NULL COMMENT '所在省市',
  `courseware` varchar(255) CHARACTER SET utf8mb4 COLLATE utf8mb4_0900_ai_ci NULL DEFAULT NULL COMMENT '课件',
  `speakers` varchar(255) CHARACTER SET utf8mb4 COLLATE utf8mb4_0900_ai_ci NULL DEFAULT NULL COMMENT '讲者',
  `application_time` datetime(0) NULL DEFAULT NULL COMMENT '申请日期',
  `source` varchar(255) CHARACTER SET utf8mb4 COLLATE utf8mb4_0900_ai_ci NOT NULL COMMENT '来源',
  `flag` varchar(2) CHARACTER SET utf8mb4 COLLATE utf8mb4_0900_ai_ci NULL DEFAULT NULL COMMENT '状态（01：待审核，02：待修改，03：带开展，04：开展中，05：已结束）',
  PRIMARY KEY (`id`) USING BTREE
) ENGINE = InnoDB CHARACTER SET = utf8mb4 COLLATE = utf8mb4_0900_ai_ci ROW_FORMAT = Dynamic;

-- ----------------------------
-- Records of meeting_list
-- ----------------------------
INSERT INTO `meeting_list` VALUES (1, 1, '2019-06-19 17:33:14', '协和', '北京', '人类简史', '霍金', '2019-06-19 17:33:46', '微信', '01');
INSERT INTO `meeting_list` VALUES (2, 2, '2019-06-20 13:43:44', '同仁', '北京', '本草纲目', '华佗', '2019-06-20 13:44:02', 'QQ', '02');
INSERT INTO `meeting_list` VALUES (3, 3, '2019-06-24 14:16:17', '海淀医院', '北京', '伤寒杂病论', '扁鹊', '2019-06-24 14:16:50', '微博', '03');
INSERT INTO `meeting_list` VALUES (4, 4, '2019-06-24 14:17:52', '上海医院', '上海', '黄帝内经', '黄帝', '2019-06-24 14:18:22', '知乎', '04');
INSERT INTO `meeting_list` VALUES (5, 5, '2019-06-24 14:18:42', '中心医院', '芝加哥', '五禽戏', '司马懿', '2019-06-24 14:19:30', '优酷', '05');

-- ----------------------------
-- Table structure for qrtz_blob_triggers
-- ----------------------------
DROP TABLE IF EXISTS `qrtz_blob_triggers`;
CREATE TABLE `qrtz_blob_triggers`  (
  `SCHED_NAME` varchar(120) CHARACTER SET utf8 COLLATE utf8_general_ci NOT NULL,
  `TRIGGER_NAME` varchar(200) CHARACTER SET utf8 COLLATE utf8_general_ci NOT NULL,
  `TRIGGER_GROUP` varchar(200) CHARACTER SET utf8 COLLATE utf8_general_ci NOT NULL,
  `BLOB_DATA` blob NULL,
  PRIMARY KEY (`SCHED_NAME`, `TRIGGER_NAME`, `TRIGGER_GROUP`) USING BTREE,
  INDEX `SCHED_NAME`(`SCHED_NAME`, `TRIGGER_NAME`, `TRIGGER_GROUP`) USING BTREE,
  CONSTRAINT `QRTZ_BLOB_TRIGGERS_ibfk_1` FOREIGN KEY (`SCHED_NAME`, `TRIGGER_NAME`, `TRIGGER_GROUP`) REFERENCES `qrtz_triggers` (`SCHED_NAME`, `TRIGGER_NAME`, `TRIGGER_GROUP`) ON DELETE RESTRICT ON UPDATE RESTRICT
) ENGINE = InnoDB CHARACTER SET = utf8 COLLATE = utf8_general_ci ROW_FORMAT = Dynamic;

-- ----------------------------
-- Table structure for qrtz_calendars
-- ----------------------------
DROP TABLE IF EXISTS `qrtz_calendars`;
CREATE TABLE `qrtz_calendars`  (
  `SCHED_NAME` varchar(120) CHARACTER SET utf8 COLLATE utf8_general_ci NOT NULL,
  `CALENDAR_NAME` varchar(200) CHARACTER SET utf8 COLLATE utf8_general_ci NOT NULL,
  `CALENDAR` blob NOT NULL,
  PRIMARY KEY (`SCHED_NAME`, `CALENDAR_NAME`) USING BTREE
) ENGINE = InnoDB CHARACTER SET = utf8 COLLATE = utf8_general_ci ROW_FORMAT = Dynamic;

-- ----------------------------
-- Table structure for qrtz_cron_triggers
-- ----------------------------
DROP TABLE IF EXISTS `qrtz_cron_triggers`;
CREATE TABLE `qrtz_cron_triggers`  (
  `SCHED_NAME` varchar(120) CHARACTER SET utf8 COLLATE utf8_general_ci NOT NULL,
  `TRIGGER_NAME` varchar(200) CHARACTER SET utf8 COLLATE utf8_general_ci NOT NULL,
  `TRIGGER_GROUP` varchar(200) CHARACTER SET utf8 COLLATE utf8_general_ci NOT NULL,
  `CRON_EXPRESSION` varchar(120) CHARACTER SET utf8 COLLATE utf8_general_ci NOT NULL,
  `TIME_ZONE_ID` varchar(80) CHARACTER SET utf8 COLLATE utf8_general_ci NULL DEFAULT NULL,
  PRIMARY KEY (`SCHED_NAME`, `TRIGGER_NAME`, `TRIGGER_GROUP`) USING BTREE,
  CONSTRAINT `QRTZ_CRON_TRIGGERS_ibfk_1` FOREIGN KEY (`SCHED_NAME`, `TRIGGER_NAME`, `TRIGGER_GROUP`) REFERENCES `qrtz_triggers` (`SCHED_NAME`, `TRIGGER_NAME`, `TRIGGER_GROUP`) ON DELETE RESTRICT ON UPDATE RESTRICT
) ENGINE = InnoDB CHARACTER SET = utf8 COLLATE = utf8_general_ci ROW_FORMAT = Dynamic;

-- ----------------------------
-- Records of qrtz_cron_triggers
-- ----------------------------
INSERT INTO `qrtz_cron_triggers` VALUES ('RenrenScheduler', 'TASK_1080345897063223297', 'DEFAULT', '*/5 * * * * ?', 'Asia/Shanghai');

-- ----------------------------
-- Table structure for qrtz_fired_triggers
-- ----------------------------
DROP TABLE IF EXISTS `qrtz_fired_triggers`;
CREATE TABLE `qrtz_fired_triggers`  (
  `SCHED_NAME` varchar(120) CHARACTER SET utf8 COLLATE utf8_general_ci NOT NULL,
  `ENTRY_ID` varchar(95) CHARACTER SET utf8 COLLATE utf8_general_ci NOT NULL,
  `TRIGGER_NAME` varchar(200) CHARACTER SET utf8 COLLATE utf8_general_ci NOT NULL,
  `TRIGGER_GROUP` varchar(200) CHARACTER SET utf8 COLLATE utf8_general_ci NOT NULL,
  `INSTANCE_NAME` varchar(200) CHARACTER SET utf8 COLLATE utf8_general_ci NOT NULL,
  `FIRED_TIME` bigint(13) NOT NULL,
  `SCHED_TIME` bigint(13) NOT NULL,
  `PRIORITY` int(11) NOT NULL,
  `STATE` varchar(16) CHARACTER SET utf8 COLLATE utf8_general_ci NOT NULL,
  `JOB_NAME` varchar(200) CHARACTER SET utf8 COLLATE utf8_general_ci NULL DEFAULT NULL,
  `JOB_GROUP` varchar(200) CHARACTER SET utf8 COLLATE utf8_general_ci NULL DEFAULT NULL,
  `IS_NONCONCURRENT` varchar(1) CHARACTER SET utf8 COLLATE utf8_general_ci NULL DEFAULT NULL,
  `REQUESTS_RECOVERY` varchar(1) CHARACTER SET utf8 COLLATE utf8_general_ci NULL DEFAULT NULL,
  PRIMARY KEY (`SCHED_NAME`, `ENTRY_ID`) USING BTREE,
  INDEX `IDX_QRTZ_FT_TRIG_INST_NAME`(`SCHED_NAME`, `INSTANCE_NAME`) USING BTREE,
  INDEX `IDX_QRTZ_FT_INST_JOB_REQ_RCVRY`(`SCHED_NAME`, `INSTANCE_NAME`, `REQUESTS_RECOVERY`) USING BTREE,
  INDEX `IDX_QRTZ_FT_J_G`(`SCHED_NAME`, `JOB_NAME`, `JOB_GROUP`) USING BTREE,
  INDEX `IDX_QRTZ_FT_JG`(`SCHED_NAME`, `JOB_GROUP`) USING BTREE,
  INDEX `IDX_QRTZ_FT_T_G`(`SCHED_NAME`, `TRIGGER_NAME`, `TRIGGER_GROUP`) USING BTREE,
  INDEX `IDX_QRTZ_FT_TG`(`SCHED_NAME`, `TRIGGER_GROUP`) USING BTREE
) ENGINE = InnoDB CHARACTER SET = utf8 COLLATE = utf8_general_ci ROW_FORMAT = Dynamic;

-- ----------------------------
-- Table structure for qrtz_job_details
-- ----------------------------
DROP TABLE IF EXISTS `qrtz_job_details`;
CREATE TABLE `qrtz_job_details`  (
  `SCHED_NAME` varchar(120) CHARACTER SET utf8 COLLATE utf8_general_ci NOT NULL,
  `JOB_NAME` varchar(200) CHARACTER SET utf8 COLLATE utf8_general_ci NOT NULL,
  `JOB_GROUP` varchar(200) CHARACTER SET utf8 COLLATE utf8_general_ci NOT NULL,
  `DESCRIPTION` varchar(250) CHARACTER SET utf8 COLLATE utf8_general_ci NULL DEFAULT NULL,
  `JOB_CLASS_NAME` varchar(250) CHARACTER SET utf8 COLLATE utf8_general_ci NOT NULL,
  `IS_DURABLE` varchar(1) CHARACTER SET utf8 COLLATE utf8_general_ci NOT NULL,
  `IS_NONCONCURRENT` varchar(1) CHARACTER SET utf8 COLLATE utf8_general_ci NOT NULL,
  `IS_UPDATE_DATA` varchar(1) CHARACTER SET utf8 COLLATE utf8_general_ci NOT NULL,
  `REQUESTS_RECOVERY` varchar(1) CHARACTER SET utf8 COLLATE utf8_general_ci NOT NULL,
  `JOB_DATA` blob NULL,
  PRIMARY KEY (`SCHED_NAME`, `JOB_NAME`, `JOB_GROUP`) USING BTREE,
  INDEX `IDX_QRTZ_J_REQ_RECOVERY`(`SCHED_NAME`, `REQUESTS_RECOVERY`) USING BTREE,
  INDEX `IDX_QRTZ_J_GRP`(`SCHED_NAME`, `JOB_GROUP`) USING BTREE
) ENGINE = InnoDB CHARACTER SET = utf8 COLLATE = utf8_general_ci ROW_FORMAT = Dynamic;

-- ----------------------------
-- Records of qrtz_job_details
-- ----------------------------
INSERT INTO `qrtz_job_details` VALUES ('RenrenScheduler', 'TASK_1080345897063223297', 'DEFAULT', NULL, 'com.ksh.beam.common.quartz.ScheduleJob', '0', '0', '0', '0', 0xACED0005737200156F72672E71756172747A2E4A6F62446174614D61709FB083E8BFA9B0CB020000787200266F72672E71756172747A2E7574696C732E537472696E674B65794469727479466C61674D61708208E8C3FBC55D280200015A0013616C6C6F77735472616E7369656E74446174617872001D6F72672E71756172747A2E7574696C732E4469727479466C61674D617013E62EAD28760ACE0200025A000564697274794C00036D617074000F4C6A6176612F7574696C2F4D61703B787001737200116A6176612E7574696C2E486173684D61700507DAC1C31660D103000246000A6C6F6164466163746F724900097468726573686F6C6478703F4000000000000C7708000000100000000174000D4A4F425F504152414D5F4B45597372002A636F6D2E6B73682E6265616D2E73797374656D2E656E746974792E7379732E5363686564756C654A6F6200000000000000010200074C00086265616E4E616D657400124C6A6176612F6C616E672F537472696E673B4C000E63726F6E45787072657373696F6E71007E00094C000269647400104C6A6176612F6C616E672F4C6F6E673B4C000A6D6574686F644E616D6571007E00094C0006706172616D7371007E00094C000672656D61726B71007E00094C00067374617475737400134C6A6176612F6C616E672F496E74656765723B7872002A636F6D2E6B73682E6265616D2E636F6D6D6F6E2E626173652E656E746974792E52657374456E746974795EADF9A34ADCA4C70200024C000A63726561746554696D657400104C6A6176612F7574696C2F446174653B4C000A75706461746554696D6571007E000D7872002E636F6D2E6B73682E6265616D2E636F6D6D6F6E2E626173652E656E746974792E4162737472616374456E746974790FBA12BDC01787F10200024A000B63757272656E74506167654A00087061676553697A6578720035636F6D2E62616F6D69646F752E6D796261746973706C75732E657874656E73696F6E2E6163746976657265636F72642E4D6F64656C000000000000000102000078700000000000000000000000000000000A7372000E6A6176612E7574696C2E44617465686A81014B59741903000078707708000001680B7908A0787371007E001177080000016BBFEAF1B0787400047461736B74000D2A2F35202A202A202A202A203F7372000E6A6176612E6C616E672E4C6F6E673B8BE490CC8F23DF0200014A000576616C7565787200106A6176612E6C616E672E4E756D62657286AC951D0B94E08B02000078700EFE28DE950110017400047465737470740006E6B58BE8AF95737200116A6176612E6C616E672E496E746567657212E2A0A4F781873802000149000576616C75657871007E0017000000007800);

-- ----------------------------
-- Table structure for qrtz_locks
-- ----------------------------
DROP TABLE IF EXISTS `qrtz_locks`;
CREATE TABLE `qrtz_locks`  (
  `SCHED_NAME` varchar(120) CHARACTER SET utf8 COLLATE utf8_general_ci NOT NULL,
  `LOCK_NAME` varchar(40) CHARACTER SET utf8 COLLATE utf8_general_ci NOT NULL,
  PRIMARY KEY (`SCHED_NAME`, `LOCK_NAME`) USING BTREE
) ENGINE = InnoDB CHARACTER SET = utf8 COLLATE = utf8_general_ci ROW_FORMAT = Dynamic;

-- ----------------------------
-- Records of qrtz_locks
-- ----------------------------
INSERT INTO `qrtz_locks` VALUES ('RenrenScheduler', 'STATE_ACCESS');
INSERT INTO `qrtz_locks` VALUES ('RenrenScheduler', 'TRIGGER_ACCESS');

-- ----------------------------
-- Table structure for qrtz_paused_trigger_grps
-- ----------------------------
DROP TABLE IF EXISTS `qrtz_paused_trigger_grps`;
CREATE TABLE `qrtz_paused_trigger_grps`  (
  `SCHED_NAME` varchar(120) CHARACTER SET utf8 COLLATE utf8_general_ci NOT NULL,
  `TRIGGER_GROUP` varchar(200) CHARACTER SET utf8 COLLATE utf8_general_ci NOT NULL,
  PRIMARY KEY (`SCHED_NAME`, `TRIGGER_GROUP`) USING BTREE
) ENGINE = InnoDB CHARACTER SET = utf8 COLLATE = utf8_general_ci ROW_FORMAT = Dynamic;

-- ----------------------------
-- Table structure for qrtz_scheduler_state
-- ----------------------------
DROP TABLE IF EXISTS `qrtz_scheduler_state`;
CREATE TABLE `qrtz_scheduler_state`  (
  `SCHED_NAME` varchar(120) CHARACTER SET utf8 COLLATE utf8_general_ci NOT NULL,
  `INSTANCE_NAME` varchar(200) CHARACTER SET utf8 COLLATE utf8_general_ci NOT NULL,
  `LAST_CHECKIN_TIME` bigint(13) NOT NULL,
  `CHECKIN_INTERVAL` bigint(13) NOT NULL,
  PRIMARY KEY (`SCHED_NAME`, `INSTANCE_NAME`) USING BTREE
) ENGINE = InnoDB CHARACTER SET = utf8 COLLATE = utf8_general_ci ROW_FORMAT = Dynamic;

-- ----------------------------
-- Records of qrtz_scheduler_state
-- ----------------------------
INSERT INTO `qrtz_scheduler_state` VALUES ('RenrenScheduler', 'DESKTOP-5N8RA0F1563153155029', 1563153504074, 15000);

-- ----------------------------
-- Table structure for qrtz_simple_triggers
-- ----------------------------
DROP TABLE IF EXISTS `qrtz_simple_triggers`;
CREATE TABLE `qrtz_simple_triggers`  (
  `SCHED_NAME` varchar(120) CHARACTER SET utf8 COLLATE utf8_general_ci NOT NULL,
  `TRIGGER_NAME` varchar(200) CHARACTER SET utf8 COLLATE utf8_general_ci NOT NULL,
  `TRIGGER_GROUP` varchar(200) CHARACTER SET utf8 COLLATE utf8_general_ci NOT NULL,
  `REPEAT_COUNT` bigint(7) NOT NULL,
  `REPEAT_INTERVAL` bigint(12) NOT NULL,
  `TIMES_TRIGGERED` bigint(10) NOT NULL,
  PRIMARY KEY (`SCHED_NAME`, `TRIGGER_NAME`, `TRIGGER_GROUP`) USING BTREE,
  CONSTRAINT `QRTZ_SIMPLE_TRIGGERS_ibfk_1` FOREIGN KEY (`SCHED_NAME`, `TRIGGER_NAME`, `TRIGGER_GROUP`) REFERENCES `qrtz_triggers` (`SCHED_NAME`, `TRIGGER_NAME`, `TRIGGER_GROUP`) ON DELETE RESTRICT ON UPDATE RESTRICT
) ENGINE = InnoDB CHARACTER SET = utf8 COLLATE = utf8_general_ci ROW_FORMAT = Dynamic;

-- ----------------------------
-- Table structure for qrtz_simprop_triggers
-- ----------------------------
DROP TABLE IF EXISTS `qrtz_simprop_triggers`;
CREATE TABLE `qrtz_simprop_triggers`  (
  `SCHED_NAME` varchar(120) CHARACTER SET utf8 COLLATE utf8_general_ci NOT NULL,
  `TRIGGER_NAME` varchar(200) CHARACTER SET utf8 COLLATE utf8_general_ci NOT NULL,
  `TRIGGER_GROUP` varchar(200) CHARACTER SET utf8 COLLATE utf8_general_ci NOT NULL,
  `STR_PROP_1` varchar(512) CHARACTER SET utf8 COLLATE utf8_general_ci NULL DEFAULT NULL,
  `STR_PROP_2` varchar(512) CHARACTER SET utf8 COLLATE utf8_general_ci NULL DEFAULT NULL,
  `STR_PROP_3` varchar(512) CHARACTER SET utf8 COLLATE utf8_general_ci NULL DEFAULT NULL,
  `INT_PROP_1` int(11) NULL DEFAULT NULL,
  `INT_PROP_2` int(11) NULL DEFAULT NULL,
  `LONG_PROP_1` bigint(20) NULL DEFAULT NULL,
  `LONG_PROP_2` bigint(20) NULL DEFAULT NULL,
  `DEC_PROP_1` decimal(13, 4) NULL DEFAULT NULL,
  `DEC_PROP_2` decimal(13, 4) NULL DEFAULT NULL,
  `BOOL_PROP_1` varchar(1) CHARACTER SET utf8 COLLATE utf8_general_ci NULL DEFAULT NULL,
  `BOOL_PROP_2` varchar(1) CHARACTER SET utf8 COLLATE utf8_general_ci NULL DEFAULT NULL,
  PRIMARY KEY (`SCHED_NAME`, `TRIGGER_NAME`, `TRIGGER_GROUP`) USING BTREE,
  CONSTRAINT `QRTZ_SIMPROP_TRIGGERS_ibfk_1` FOREIGN KEY (`SCHED_NAME`, `TRIGGER_NAME`, `TRIGGER_GROUP`) REFERENCES `qrtz_triggers` (`SCHED_NAME`, `TRIGGER_NAME`, `TRIGGER_GROUP`) ON DELETE RESTRICT ON UPDATE RESTRICT
) ENGINE = InnoDB CHARACTER SET = utf8 COLLATE = utf8_general_ci ROW_FORMAT = Dynamic;

-- ----------------------------
-- Table structure for qrtz_triggers
-- ----------------------------
DROP TABLE IF EXISTS `qrtz_triggers`;
CREATE TABLE `qrtz_triggers`  (
  `SCHED_NAME` varchar(120) CHARACTER SET utf8 COLLATE utf8_general_ci NOT NULL,
  `TRIGGER_NAME` varchar(200) CHARACTER SET utf8 COLLATE utf8_general_ci NOT NULL,
  `TRIGGER_GROUP` varchar(200) CHARACTER SET utf8 COLLATE utf8_general_ci NOT NULL,
  `JOB_NAME` varchar(200) CHARACTER SET utf8 COLLATE utf8_general_ci NOT NULL,
  `JOB_GROUP` varchar(200) CHARACTER SET utf8 COLLATE utf8_general_ci NOT NULL,
  `DESCRIPTION` varchar(250) CHARACTER SET utf8 COLLATE utf8_general_ci NULL DEFAULT NULL,
  `NEXT_FIRE_TIME` bigint(13) NULL DEFAULT NULL,
  `PREV_FIRE_TIME` bigint(13) NULL DEFAULT NULL,
  `PRIORITY` int(11) NULL DEFAULT NULL,
  `TRIGGER_STATE` varchar(16) CHARACTER SET utf8 COLLATE utf8_general_ci NOT NULL,
  `TRIGGER_TYPE` varchar(8) CHARACTER SET utf8 COLLATE utf8_general_ci NOT NULL,
  `START_TIME` bigint(13) NOT NULL,
  `END_TIME` bigint(13) NULL DEFAULT NULL,
  `CALENDAR_NAME` varchar(200) CHARACTER SET utf8 COLLATE utf8_general_ci NULL DEFAULT NULL,
  `MISFIRE_INSTR` smallint(2) NULL DEFAULT NULL,
  `JOB_DATA` blob NULL,
  PRIMARY KEY (`SCHED_NAME`, `TRIGGER_NAME`, `TRIGGER_GROUP`) USING BTREE,
  INDEX `IDX_QRTZ_T_J`(`SCHED_NAME`, `JOB_NAME`, `JOB_GROUP`) USING BTREE,
  INDEX `IDX_QRTZ_T_JG`(`SCHED_NAME`, `JOB_GROUP`) USING BTREE,
  INDEX `IDX_QRTZ_T_C`(`SCHED_NAME`, `CALENDAR_NAME`) USING BTREE,
  INDEX `IDX_QRTZ_T_G`(`SCHED_NAME`, `TRIGGER_GROUP`) USING BTREE,
  INDEX `IDX_QRTZ_T_STATE`(`SCHED_NAME`, `TRIGGER_STATE`) USING BTREE,
  INDEX `IDX_QRTZ_T_N_STATE`(`SCHED_NAME`, `TRIGGER_NAME`, `TRIGGER_GROUP`, `TRIGGER_STATE`) USING BTREE,
  INDEX `IDX_QRTZ_T_N_G_STATE`(`SCHED_NAME`, `TRIGGER_GROUP`, `TRIGGER_STATE`) USING BTREE,
  INDEX `IDX_QRTZ_T_NEXT_FIRE_TIME`(`SCHED_NAME`, `NEXT_FIRE_TIME`) USING BTREE,
  INDEX `IDX_QRTZ_T_NFT_ST`(`SCHED_NAME`, `TRIGGER_STATE`, `NEXT_FIRE_TIME`) USING BTREE,
  INDEX `IDX_QRTZ_T_NFT_MISFIRE`(`SCHED_NAME`, `MISFIRE_INSTR`, `NEXT_FIRE_TIME`) USING BTREE,
  INDEX `IDX_QRTZ_T_NFT_ST_MISFIRE`(`SCHED_NAME`, `MISFIRE_INSTR`, `NEXT_FIRE_TIME`, `TRIGGER_STATE`) USING BTREE,
  INDEX `IDX_QRTZ_T_NFT_ST_MISFIRE_GRP`(`SCHED_NAME`, `MISFIRE_INSTR`, `NEXT_FIRE_TIME`, `TRIGGER_GROUP`, `TRIGGER_STATE`) USING BTREE,
  CONSTRAINT `QRTZ_TRIGGERS_ibfk_1` FOREIGN KEY (`SCHED_NAME`, `JOB_NAME`, `JOB_GROUP`) REFERENCES `qrtz_job_details` (`SCHED_NAME`, `JOB_NAME`, `JOB_GROUP`) ON DELETE RESTRICT ON UPDATE RESTRICT
) ENGINE = InnoDB CHARACTER SET = utf8 COLLATE = utf8_general_ci ROW_FORMAT = Dynamic;

-- ----------------------------
-- Records of qrtz_triggers
-- ----------------------------
INSERT INTO `qrtz_triggers` VALUES ('RenrenScheduler', 'TASK_1080345897063223297', 'DEFAULT', 'TASK_1080345897063223297', 'DEFAULT', NULL, 1562726230000, -1, 5, 'PAUSED', 'CRON', 1562726228000, 0, NULL, 2, 0xACED0005737200156F72672E71756172747A2E4A6F62446174614D61709FB083E8BFA9B0CB020000787200266F72672E71756172747A2E7574696C732E537472696E674B65794469727479466C61674D61708208E8C3FBC55D280200015A0013616C6C6F77735472616E7369656E74446174617872001D6F72672E71756172747A2E7574696C732E4469727479466C61674D617013E62EAD28760ACE0200025A000564697274794C00036D617074000F4C6A6176612F7574696C2F4D61703B787001737200116A6176612E7574696C2E486173684D61700507DAC1C31660D103000246000A6C6F6164466163746F724900097468726573686F6C6478703F4000000000000C7708000000100000000174000D4A4F425F504152414D5F4B45597372002A636F6D2E6B73682E6265616D2E73797374656D2E656E746974792E7379732E5363686564756C654A6F6200000000000000010200074C00086265616E4E616D657400124C6A6176612F6C616E672F537472696E673B4C000E63726F6E45787072657373696F6E71007E00094C000269647400104C6A6176612F6C616E672F4C6F6E673B4C000A6D6574686F644E616D6571007E00094C0006706172616D7371007E00094C000672656D61726B71007E00094C00067374617475737400134C6A6176612F6C616E672F496E74656765723B7872002A636F6D2E6B73682E6265616D2E636F6D6D6F6E2E626173652E656E746974792E52657374456E746974795EADF9A34ADCA4C70200024C000A63726561746554696D657400104C6A6176612F7574696C2F446174653B4C000A75706461746554696D6571007E000D7872002E636F6D2E6B73682E6265616D2E636F6D6D6F6E2E626173652E656E746974792E4162737472616374456E746974790FBA12BDC01787F10200024A000B63757272656E74506167654A00087061676553697A6578720035636F6D2E62616F6D69646F752E6D796261746973706C75732E657874656E73696F6E2E6163746976657265636F72642E4D6F64656C000000000000000102000078700000000000000000000000000000000A7372000E6A6176612E7574696C2E44617465686A81014B59741903000078707708000001680B7908A0787371007E001177080000016BBFEAF1B0787400047461736B74000D2A2F35202A202A202A202A203F7372000E6A6176612E6C616E672E4C6F6E673B8BE490CC8F23DF0200014A000576616C7565787200106A6176612E6C616E672E4E756D62657286AC951D0B94E08B02000078700EFE28DE950110017400047465737470740006E6B58BE8AF95737200116A6176612E6C616E672E496E746567657212E2A0A4F781873802000149000576616C75657871007E0017000000007800);

-- ----------------------------
-- Table structure for schedule_job
-- ----------------------------
DROP TABLE IF EXISTS `schedule_job`;
CREATE TABLE `schedule_job`  (
  `id` bigint(20) NOT NULL AUTO_INCREMENT COMMENT '任务id',
  `bean_name` varchar(200) CHARACTER SET utf8 COLLATE utf8_general_ci NULL DEFAULT NULL COMMENT 'spring bean名称',
  `method_name` varchar(100) CHARACTER SET utf8 COLLATE utf8_general_ci NULL DEFAULT NULL COMMENT '方法名',
  `params` varchar(2000) CHARACTER SET utf8 COLLATE utf8_general_ci NULL DEFAULT NULL COMMENT '参数',
  `cron_expression` varchar(100) CHARACTER SET utf8 COLLATE utf8_general_ci NULL DEFAULT NULL COMMENT 'cron表达式',
  `status` tinyint(4) NULL DEFAULT NULL COMMENT '任务状态  0：正常  1：暂停',
  `remark` varchar(255) CHARACTER SET utf8 COLLATE utf8_general_ci NULL DEFAULT NULL COMMENT '备注',
  `create_time` datetime(0) NULL DEFAULT NULL COMMENT '创建时间',
  `update_time` datetime(0) NULL DEFAULT NULL COMMENT '更新时间',
  PRIMARY KEY (`id`) USING BTREE
) ENGINE = InnoDB AUTO_INCREMENT = 1080345897063223298 CHARACTER SET = utf8 COLLATE = utf8_general_ci COMMENT = '定时任务' ROW_FORMAT = Dynamic;

-- ----------------------------
-- Records of schedule_job
-- ----------------------------
INSERT INTO `schedule_job` VALUES (1080345897063223297, 'task', 'test', NULL, '*/5 * * * * ?', 0, '测试', '2019-01-02 06:11:48', '2019-07-05 10:16:14');

-- ----------------------------
-- Table structure for sys_config
-- ----------------------------
DROP TABLE IF EXISTS `sys_config`;
CREATE TABLE `sys_config`  (
  `id` bigint(20) NOT NULL AUTO_INCREMENT,
  `param_key` varchar(50) CHARACTER SET utf8 COLLATE utf8_general_ci NULL DEFAULT NULL COMMENT 'key',
  `param_value` varchar(2000) CHARACTER SET utf8 COLLATE utf8_general_ci NULL DEFAULT NULL COMMENT 'value',
  `status` tinyint(4) NULL DEFAULT 1 COMMENT '状态   0：隐藏   1：显示',
  `remark` varchar(500) CHARACTER SET utf8 COLLATE utf8_general_ci NULL DEFAULT NULL COMMENT '备注',
  `create_time` datetime(0) NULL DEFAULT NULL,
  `update_time` datetime(0) NULL DEFAULT NULL,
  PRIMARY KEY (`id`) USING BTREE,
  UNIQUE INDEX `param_key`(`param_key`) USING BTREE
) ENGINE = InnoDB AUTO_INCREMENT = 2 CHARACTER SET = utf8 COLLATE = utf8_general_ci COMMENT = '系统配置信息表' ROW_FORMAT = Dynamic;

-- ----------------------------
-- Records of sys_config
-- ----------------------------
INSERT INTO `sys_config` VALUES (1, 'CLOUD_STORAGE_CONFIG_KEY', '{\"qcloudRegion\":\"ap-beijing\",\"qcloudAppId\":\"1259572200\",\"qcloudBucketName\":\"mwy-1259572200\",\"qcloudDomain\":\"https://mwy-1259572200.cos.ap-beijing.myqcloud.com\",\"qcloudPrefix\":\"mwy\",\"qcloudSecretId\":\"AKIDuZ1ylk521ztauyHTyEFCsLcnskYCnW4N\",\"qcloudSecretKey\":\"DYghbggfpu6sU5aAaq66HRJkuLeqrnKl\",\"type\":2}\r\n', 1, '云存储配置信息', '2019-07-03 11:05:29', '2019-07-03 11:05:32');

-- ----------------------------
-- Table structure for sys_dept
-- ----------------------------
DROP TABLE IF EXISTS `sys_dept`;
CREATE TABLE `sys_dept`  (
  `id` bigint(20) NOT NULL,
  `parent_id` bigint(20) NULL DEFAULT NULL COMMENT '上级部门ID，一级部门为0',
  `name` varchar(50) CHARACTER SET utf8 COLLATE utf8_general_ci NULL DEFAULT NULL COMMENT '部门名称',
  `order_num` int(11) NULL DEFAULT NULL COMMENT '排序',
  `del_flag` tinyint(4) NULL DEFAULT 0 COMMENT '是否删除  -1：已删除  0：正常',
  `create_time` datetime(0) NULL DEFAULT NULL,
  `update_time` datetime(0) NULL DEFAULT NULL,
  PRIMARY KEY (`id`) USING BTREE
) ENGINE = InnoDB CHARACTER SET = utf8 COLLATE = utf8_general_ci COMMENT = '部门管理' ROW_FORMAT = Dynamic;

-- ----------------------------
-- Records of sys_dept
-- ----------------------------
INSERT INTO `sys_dept` VALUES (1, 0, '总公司', 0, 0, '2018-12-18 21:43:48', '2018-12-18 21:43:53');
INSERT INTO `sys_dept` VALUES (2, 1, '北京分公司', 1, 0, '2018-12-22 23:28:09', '2019-06-19 16:37:42');
INSERT INTO `sys_dept` VALUES (3, 1, '上海公司', 2, 0, '2018-12-22 23:28:14', '2019-06-19 16:37:51');
INSERT INTO `sys_dept` VALUES (4, 3, '技术部', 0, 0, '2018-12-22 23:28:18', '2018-12-22 23:28:21');
INSERT INTO `sys_dept` VALUES (5, 2, '销售部', 1, 0, '2018-12-22 23:28:23', '2018-12-22 15:30:34');
INSERT INTO `sys_dept` VALUES (1076499576671084546, 2, '技术部', 1, 0, '2018-12-22 15:27:54', '2018-12-22 15:27:54');

-- ----------------------------
-- Table structure for sys_dict
-- ----------------------------
DROP TABLE IF EXISTS `sys_dict`;
CREATE TABLE `sys_dict`  (
  `id` bigint(20) NOT NULL AUTO_INCREMENT COMMENT '主键id',
  `pid` bigint(20) NULL DEFAULT NULL COMMENT '父级字典',
  `name` varchar(255) CHARACTER SET utf8 COLLATE utf8_general_ci NULL DEFAULT NULL COMMENT '名称',
  `des` varchar(255) CHARACTER SET utf8 COLLATE utf8_general_ci NULL DEFAULT NULL COMMENT '描述',
  `code` varchar(255) CHARACTER SET utf8 COLLATE utf8_general_ci NULL DEFAULT NULL COMMENT '编码',
  `sort` int(11) NULL DEFAULT NULL COMMENT '排序',
  `create_time` datetime(0) NULL DEFAULT NULL COMMENT '创建时间',
  `update_time` datetime(0) NULL DEFAULT NULL COMMENT '更新时间',
  PRIMARY KEY (`id`) USING BTREE
) ENGINE = InnoDB AUTO_INCREMENT = 40 CHARACTER SET = utf8 COLLATE = utf8_general_ci COMMENT = '字典表' ROW_FORMAT = Dynamic;

-- ----------------------------
-- Records of sys_dict
-- ----------------------------
INSERT INTO `sys_dict` VALUES (16, 0, '状态', '', 'frozen', 1, '2019-04-12 10:50:21', '2019-04-13 07:30:04');
INSERT INTO `sys_dict` VALUES (17, 16, '启用', NULL, '1', 1, '2019-04-12 10:50:25', '2019-04-12 10:50:28');
INSERT INTO `sys_dict` VALUES (18, 16, '禁用', NULL, '0', 2, '2019-04-12 10:50:30', '2019-04-12 10:50:33');
INSERT INTO `sys_dict` VALUES (29, 0, '性别', '', 'sex', 2, '2019-04-12 10:50:36', '2019-04-13 07:29:59');
INSERT INTO `sys_dict` VALUES (30, 29, '男', NULL, '1', 1, '2019-04-12 10:50:41', '2019-04-12 10:50:43');
INSERT INTO `sys_dict` VALUES (31, 29, '女', NULL, '2', 2, '2019-04-12 10:50:46', '2019-04-12 10:50:48');
INSERT INTO `sys_dict` VALUES (32, 0, '菜单类型', NULL, 'menu_type', 3, '2019-04-12 18:30:54', '2019-04-12 18:30:57');
INSERT INTO `sys_dict` VALUES (33, 32, '目录', NULL, '0', 1, '2019-04-12 18:31:48', '2019-04-12 18:31:50');
INSERT INTO `sys_dict` VALUES (34, 32, '菜单', NULL, '1', 2, '2019-04-12 18:32:10', '2019-04-12 18:32:12');
INSERT INTO `sys_dict` VALUES (35, 32, '按钮', NULL, '2', 3, '2019-04-12 18:32:25', '2019-04-12 18:32:28');
INSERT INTO `sys_dict` VALUES (36, 0, '定时任务状态', NULL, 'schedule_status', 4, '2019-04-13 11:49:28', '2019-04-13 11:49:30');
INSERT INTO `sys_dict` VALUES (37, 36, '正常', NULL, '1', 1, '2019-04-13 11:50:08', '2019-04-13 11:50:10');
INSERT INTO `sys_dict` VALUES (38, 36, '暂停', NULL, '0', 2, '2019-04-13 11:50:24', '2019-04-13 11:50:27');
INSERT INTO `sys_dict` VALUES (39, 0, '顶级', '顶级', NULL, 0, '2019-04-13 15:55:58', '2019-04-13 15:56:01');

-- ----------------------------
-- Table structure for sys_login_log
-- ----------------------------
DROP TABLE IF EXISTS `sys_login_log`;
CREATE TABLE `sys_login_log`  (
  `id` bigint(20) NOT NULL AUTO_INCREMENT,
  `log_name` varchar(64) CHARACTER SET utf8mb4 COLLATE utf8mb4_0900_ai_ci NULL DEFAULT NULL COMMENT '日志名称',
  `user_id` bigint(20) NULL DEFAULT NULL COMMENT '用户ID',
  `succeed` varchar(32) CHARACTER SET utf8mb4 COLLATE utf8mb4_0900_ai_ci NULL DEFAULT NULL COMMENT '是否成功',
  `message` varchar(64) CHARACTER SET utf8mb4 COLLATE utf8mb4_0900_ai_ci NULL DEFAULT NULL COMMENT '消息',
  `ip_address` varchar(64) CHARACTER SET utf8mb4 COLLATE utf8mb4_0900_ai_ci NULL DEFAULT NULL COMMENT 'ip',
  `create_time` datetime(0) NULL DEFAULT NULL COMMENT '创建时间',
  `update_time` datetime(0) NULL DEFAULT NULL COMMENT '更新时间',
  PRIMARY KEY (`id`) USING BTREE
) ENGINE = InnoDB AUTO_INCREMENT = 1149586318766923779 CHARACTER SET = utf8mb4 COLLATE = utf8mb4_0900_ai_ci COMMENT = '登陆日志' ROW_FORMAT = Dynamic;

-- ----------------------------
-- Records of sys_login_log
-- ----------------------------
INSERT INTO `sys_login_log` VALUES (1148029013147684866, '登录失败日志', NULL, '失败', '账号:admin,账号或者密码不正确', '127.0.0.1', '2019-07-08 08:40:21', '2019-07-08 08:40:21');
INSERT INTO `sys_login_log` VALUES (1148033826535149570, '登录日志', 1, '成功', NULL, '127.0.0.1', '2019-07-08 08:59:28', '2019-07-08 08:59:28');
INSERT INTO `sys_login_log` VALUES (1148047135254581250, '登录日志', 1, '成功', NULL, '127.0.0.1', '2019-07-08 09:52:21', '2019-07-08 09:52:21');
INSERT INTO `sys_login_log` VALUES (1148133899189137410, '登录日志', 1, '成功', NULL, '127.0.0.1', '2019-07-08 15:37:08', '2019-07-08 15:37:08');
INSERT INTO `sys_login_log` VALUES (1148134345404362753, '退出日志', 1, '成功', NULL, '127.0.0.1', '2019-07-08 15:38:54', '2019-07-08 15:38:54');
INSERT INTO `sys_login_log` VALUES (1148134381785755649, '登录日志', 1, '成功', NULL, '127.0.0.1', '2019-07-08 15:39:03', '2019-07-08 15:39:03');
INSERT INTO `sys_login_log` VALUES (1148134602775244801, '退出日志', 1, '成功', NULL, '127.0.0.1', '2019-07-08 15:39:55', '2019-07-08 15:39:55');
INSERT INTO `sys_login_log` VALUES (1148134619304996865, '登录日志', 1, '成功', NULL, '127.0.0.1', '2019-07-08 15:39:59', '2019-07-08 15:39:59');
INSERT INTO `sys_login_log` VALUES (1148134670102212609, '退出日志', 1, '成功', NULL, '127.0.0.1', '2019-07-08 15:40:11', '2019-07-08 15:40:11');
INSERT INTO `sys_login_log` VALUES (1148134683482042370, '登录日志', 1, '成功', NULL, '127.0.0.1', '2019-07-08 15:40:15', '2019-07-08 15:40:15');
INSERT INTO `sys_login_log` VALUES (1148151396596494337, '登录日志', 1, '成功', NULL, '127.0.0.1', '2019-07-08 16:46:39', '2019-07-08 16:46:39');
INSERT INTO `sys_login_log` VALUES (1148164075100876802, '登录日志', 1, '成功', NULL, '127.0.0.1', '2019-07-08 17:37:02', '2019-07-08 17:37:02');
INSERT INTO `sys_login_log` VALUES (1148164364713373698, '登录日志', 1, '成功', NULL, '127.0.0.1', '2019-07-08 17:38:11', '2019-07-08 17:38:11');
INSERT INTO `sys_login_log` VALUES (1148393186742480897, '登录日志', 1, '成功', NULL, '127.0.0.1', '2019-07-09 08:47:26', '2019-07-09 08:47:26');
INSERT INTO `sys_login_log` VALUES (1148468111733821441, '登录日志', 1, '成功', NULL, '127.0.0.1', '2019-07-09 13:45:10', '2019-07-09 13:45:10');
INSERT INTO `sys_login_log` VALUES (1148783366599061506, '登录日志', 1, '成功', NULL, '127.0.0.1', '2019-07-10 10:37:53', '2019-07-10 10:37:53');
INSERT INTO `sys_login_log` VALUES (1148833165843066882, '登录日志', 1, '成功', NULL, '127.0.0.1', '2019-07-10 13:55:46', '2019-07-10 13:55:46');
INSERT INTO `sys_login_log` VALUES (1148871865062809602, '退出日志', 1, '成功', NULL, '127.0.0.1', '2019-07-10 16:29:32', '2019-07-10 16:29:32');
INSERT INTO `sys_login_log` VALUES (1148871886780915714, '登录日志', 1, '成功', NULL, '127.0.0.1', '2019-07-10 16:29:37', '2019-07-10 16:29:37');
INSERT INTO `sys_login_log` VALUES (1149122217125326850, '登录日志', 1, '成功', NULL, '127.0.0.1', '2019-07-11 09:04:21', '2019-07-11 09:04:21');
INSERT INTO `sys_login_log` VALUES (1149149627451420674, '退出日志', 1, '成功', NULL, '127.0.0.1', '2019-07-11 10:53:16', '2019-07-11 10:53:16');
INSERT INTO `sys_login_log` VALUES (1149149648368414722, '登录日志', 1, '成功', NULL, '127.0.0.1', '2019-07-11 10:53:21', '2019-07-11 10:53:21');
INSERT INTO `sys_login_log` VALUES (1149188042708463617, '登录日志', 1, '成功', NULL, '127.0.0.1', '2019-07-11 13:25:55', '2019-07-11 13:25:55');
INSERT INTO `sys_login_log` VALUES (1149246735873372162, '退出日志', 1, '成功', NULL, '127.0.0.1', '2019-07-11 17:19:08', '2019-07-11 17:19:08');
INSERT INTO `sys_login_log` VALUES (1149246765627764738, '登录失败日志', NULL, '失败', '账号:test,账号已被锁定，请联系管理员', '127.0.0.1', '2019-07-11 17:19:16', '2019-07-11 17:19:16');
INSERT INTO `sys_login_log` VALUES (1149246882875338753, '登录日志', 1, '成功', NULL, '127.0.0.1', '2019-07-11 17:19:44', '2019-07-11 17:19:44');
INSERT INTO `sys_login_log` VALUES (1149247040593752065, '退出日志', 1, '成功', NULL, '127.0.0.1', '2019-07-11 17:20:21', '2019-07-11 17:20:21');
INSERT INTO `sys_login_log` VALUES (1149508935569625089, '登录日志', 1, '成功', NULL, '127.0.0.1', '2019-07-12 10:41:02', '2019-07-12 10:41:02');
INSERT INTO `sys_login_log` VALUES (1149514230744207361, '退出日志', 1, '成功', NULL, '127.0.0.1', '2019-07-12 11:02:04', '2019-07-12 11:02:04');
INSERT INTO `sys_login_log` VALUES (1149514274012647426, '登录日志', 1, '成功', NULL, '127.0.0.1', '2019-07-12 11:02:15', '2019-07-12 11:02:15');
INSERT INTO `sys_login_log` VALUES (1149514478250086402, '退出日志', 1, '成功', NULL, '127.0.0.1', '2019-07-12 11:03:03', '2019-07-12 11:03:03');
INSERT INTO `sys_login_log` VALUES (1149514499007696897, '登录日志', 1, '成功', NULL, '127.0.0.1', '2019-07-12 11:03:08', '2019-07-12 11:03:08');
INSERT INTO `sys_login_log` VALUES (1149552854936297473, '登录日志', 1, '成功', NULL, '127.0.0.1', '2019-07-12 13:35:33', '2019-07-12 13:35:33');
INSERT INTO `sys_login_log` VALUES (1149586178224185345, '退出日志', 1, '成功', NULL, '127.0.0.1', '2019-07-12 15:47:58', '2019-07-12 15:47:58');
INSERT INTO `sys_login_log` VALUES (1149586318766923778, '登录日志', 1, '成功', NULL, '127.0.0.1', '2019-07-12 15:48:31', '2019-07-12 15:48:31');

-- ----------------------------
-- Table structure for sys_menu
-- ----------------------------
DROP TABLE IF EXISTS `sys_menu`;
CREATE TABLE `sys_menu`  (
  `id` bigint(20) NOT NULL,
  `parent_id` bigint(20) NULL DEFAULT NULL COMMENT '父菜单ID，一级菜单为0',
  `name` varchar(50) CHARACTER SET utf8 COLLATE utf8_general_ci NULL DEFAULT NULL COMMENT '菜单名称',
  `url` varchar(200) CHARACTER SET utf8 COLLATE utf8_general_ci NULL DEFAULT NULL COMMENT '菜单URL',
  `perms` varchar(500) CHARACTER SET utf8 COLLATE utf8_general_ci NULL DEFAULT NULL COMMENT '授权(多个用逗号分隔，如：user:list,user:create)',
  `type` int(11) NULL DEFAULT NULL COMMENT '类型   0：目录   1：菜单   2：按钮',
  `icon` varchar(50) CHARACTER SET utf8 COLLATE utf8_general_ci NULL DEFAULT NULL COMMENT '菜单图标',
  `order_num` int(11) NULL DEFAULT NULL COMMENT '排序',
  `create_by` bigint(20) NULL DEFAULT NULL,
  `update_by` bigint(20) NULL DEFAULT NULL,
  `create_time` datetime(0) NULL DEFAULT NULL,
  `update_time` datetime(0) NULL DEFAULT NULL,
  `del_flag` tinyint(1) NULL DEFAULT NULL,
  PRIMARY KEY (`id`) USING BTREE
) ENGINE = InnoDB CHARACTER SET = utf8 COLLATE = utf8_general_ci COMMENT = '菜单管理' ROW_FORMAT = Dynamic;

-- ----------------------------
-- Records of sys_menu
-- ----------------------------
INSERT INTO `sys_menu` VALUES (1, 0, '系统首页', 'dashboard', 'sys:dashboard:info', 1, 'el-icon-lx-home', 0, 1, 1, '2018-12-06 14:54:07', '2018-12-06 14:54:09', 0);
INSERT INTO `sys_menu` VALUES (15, 0, '系统管理', 'sys', NULL, 0, 'el-icon-lx-settings', 15, 1, 1, '2018-12-10 17:52:34', '2018-12-10 17:52:37', 0);
INSERT INTO `sys_menu` VALUES (16, 15, '用户管理', 'sysuser', 'sys:user:list', 1, NULL, 16, 1, 1, '2018-12-10 18:28:59', '2019-01-02 10:38:09', 0);
INSERT INTO `sys_menu` VALUES (17, 15, '角色管理', 'sysrole', 'sys:role:list', 1, NULL, 17, 1, 1, '2018-12-10 18:35:34', '2019-01-03 01:33:09', 0);
INSERT INTO `sys_menu` VALUES (18, 15, '菜单管理', 'sysmenu', 'sys:menu:list', 1, NULL, 18, 1, 1, '2018-12-10 18:36:16', '2019-01-03 01:39:01', 0);
INSERT INTO `sys_menu` VALUES (19, 15, '部门管理', 'sysdept', 'sys:dept:list', 1, NULL, 19, 1, 1, '2018-12-10 18:37:20', '2019-01-03 01:41:49', 0);
INSERT INTO `sys_menu` VALUES (21, 15, '定时任务', 'schedulejob', 'sys:schedule:list', 1, NULL, 21, 1, 1, '2018-12-10 18:39:14', '2019-01-03 01:42:33', 0);
INSERT INTO `sys_menu` VALUES (1080412372541181953, 16, '新增', 'sys/user/add', 'sys:user:add', 2, NULL, 1, NULL, NULL, '2019-01-02 10:35:57', '2019-06-27 17:35:21', 0);
INSERT INTO `sys_menu` VALUES (1080413095496585218, 16, '删除', 'sys/user/del', 'sys:user:del', 2, NULL, 3, NULL, NULL, '2019-01-02 10:38:50', '2019-06-27 17:34:58', 0);
INSERT INTO `sys_menu` VALUES (1080636440926232577, 16, '重置密码', 'sys/user/reset/password', 'sys:user:resetPassword', 2, NULL, 4, NULL, NULL, '2019-01-03 01:26:19', '2019-06-27 17:34:47', 0);
INSERT INTO `sys_menu` VALUES (1080636634896015362, 16, '修改密码', 'sys/user/change/password', 'sys:user:changePassword', 2, NULL, 5, NULL, NULL, '2019-01-03 01:27:06', '2019-06-27 17:34:38', 0);
INSERT INTO `sys_menu` VALUES (1080637598663188481, 17, '新增', 'sys/role/add', 'sys:role:add', 2, NULL, 1, NULL, NULL, '2019-01-03 01:30:55', '2019-06-27 17:37:17', 0);
INSERT INTO `sys_menu` VALUES (1080637823859564545, 17, '删除', 'sys/role/del', 'sys:role:del', 2, NULL, 3, NULL, NULL, '2019-01-03 01:31:49', '2019-06-27 17:36:30', 0);
INSERT INTO `sys_menu` VALUES (1080638043456544769, 17, '权限配置', 'sys/role/configPerm', 'sys:role:configPerm', 2, NULL, 4, NULL, NULL, '2019-01-03 01:32:42', '2019-06-27 17:36:22', 0);
INSERT INTO `sys_menu` VALUES (1080639293405274114, 18, '新增', 'sys/menu/add', 'sys:menu:add', 2, NULL, 1, NULL, NULL, '2019-01-03 01:37:40', '2019-06-27 17:37:53', 0);
INSERT INTO `sys_menu` VALUES (1080639432148656130, 18, '删除', 'sys/menu/del', 'sys:menu:del', 2, NULL, 2, NULL, NULL, '2019-01-03 01:38:13', '2019-04-15 07:22:48', 0);
INSERT INTO `sys_menu` VALUES (1080639575438663681, 18, '编辑', 'sys/menu/edit', 'sys:menu:edit', 2, NULL, 3, NULL, NULL, '2019-01-03 01:38:47', '2019-04-15 07:22:54', 0);
INSERT INTO `sys_menu` VALUES (1080639863587348482, 19, '保存', 'sys/dept/add', 'sys:dept:add', 2, NULL, 1, NULL, NULL, '2019-01-03 01:39:55', '2019-04-15 07:23:01', 0);
INSERT INTO `sys_menu` VALUES (1080640119691550722, 19, '删除', 'sys/dept/del', 'sys:dept:del', 2, NULL, 2, NULL, NULL, '2019-01-03 01:40:57', '2019-04-15 07:23:07', 0);
INSERT INTO `sys_menu` VALUES (1080640228772814849, 19, '编辑', 'sys/dept/edit', 'sys:dept:edit', 2, NULL, 3, NULL, NULL, '2019-01-03 01:41:23', '2019-04-15 07:23:13', 0);
INSERT INTO `sys_menu` VALUES (1080640763785650177, 21, '新增', 'sys/schedule/add', 'sys:schedule:add', 2, NULL, 1, NULL, NULL, '2019-01-03 01:43:30', '2019-04-15 07:23:35', 0);
INSERT INTO `sys_menu` VALUES (1080640900176027650, 21, '修改', 'sys/schedule/edit', 'sys:schedule:edit', 2, NULL, 2, NULL, NULL, '2019-01-03 01:44:03', '2019-04-15 07:23:28', 0);
INSERT INTO `sys_menu` VALUES (1080641066287243266, 21, '删除', 'sys/schedule/del', 'sys:schedule:del', 2, NULL, 3, NULL, NULL, '2019-01-03 01:44:42', '2019-04-15 07:23:44', 0);
INSERT INTO `sys_menu` VALUES (1116603445676101634, 15, '登陆日志', 'loginlog', 'sys:loginLog:list', 1, NULL, 22, NULL, NULL, '2019-04-12 07:26:22', '2019-04-15 07:14:49', 0);
INSERT INTO `sys_menu` VALUES (1116613754159702018, 15, '业务日志', 'operationlog', 'sys:operationLog:list', 1, NULL, 23, NULL, NULL, '2019-04-12 08:07:19', '2019-04-15 07:18:14', 0);
INSERT INTO `sys_menu` VALUES (1116961835054452737, 15, '字典管理', 'sysdict', 'sys:dict:list', 1, NULL, 24, NULL, NULL, '2019-04-13 07:10:28', '2019-04-15 07:18:41', 0);
INSERT INTO `sys_menu` VALUES (1117688867416195074, 1116961835054452737, '新增', 'sys/dict/add', 'sys:dict:add', 2, NULL, 1, NULL, NULL, '2019-04-15 07:19:26', '2019-04-15 07:24:11', 0);
INSERT INTO `sys_menu` VALUES (1117689069371932674, 1116961835054452737, '删除', 'sys/dict/delete', 'sys:dict:del', 2, NULL, 2, NULL, NULL, '2019-04-15 07:20:14', '2019-04-15 07:24:16', 0);
INSERT INTO `sys_menu` VALUES (1117690423326818305, 1116603445676101634, '清空日志', 'sys/loginLog/clear', 'sys:loginLog:clear', 2, NULL, 1, NULL, NULL, '2019-04-15 07:25:37', '2019-04-15 07:25:37', 0);
INSERT INTO `sys_menu` VALUES (1117690805209808898, 1116613754159702018, '清空日志', 'sys/operationLog/clear', 'sys:operationLog:clear', 2, NULL, 2, NULL, NULL, '2019-04-15 07:27:08', '2019-04-15 07:27:08', 0);
INSERT INTO `sys_menu` VALUES (1140501244083888130, 0, '会议', 'meeting', '', 0, 'el-icon-notebook-1', 30, NULL, NULL, '2019-06-17 14:07:41', '2019-06-28 17:02:09', 0);
INSERT INTO `sys_menu` VALUES (1141259777821741057, 1140501244083888130, '会议列表', 'meetinglist', 'meeting:list', 1, NULL, 31, NULL, NULL, '2019-06-19 16:21:49', '2019-06-19 16:22:13', 0);
INSERT INTO `sys_menu` VALUES (1144150072410390529, 1141259777821741057, '导出', 'meeting/list/export', 'meeting:list:export', 2, NULL, 1, NULL, NULL, '2019-06-27 15:46:49', '2019-07-11 11:00:23', 0);
INSERT INTO `sys_menu` VALUES (1144153171036356610, 1141259777821741057, '查看', 'meeting/list/info', 'meeting:list:info', 2, NULL, 2, NULL, NULL, '2019-06-27 15:59:08', '2019-07-11 11:00:28', 0);
INSERT INTO `sys_menu` VALUES (1144177553146372097, 16, '编辑', 'sys/user/edit', 'sys:user:edit', 2, NULL, 2, NULL, NULL, '2019-06-27 17:36:01', '2019-06-27 17:36:01', 0);
INSERT INTO `sys_menu` VALUES (1144177807677710338, 17, '编辑', 'sys/role/edit', 'sys:role:edit', 2, NULL, 2, NULL, NULL, '2019-06-27 17:37:02', '2019-06-27 17:37:02', 0);
INSERT INTO `sys_menu` VALUES (1144434451212910594, 21, '运行一次', 'sys/schedule/run', 'sys:schedule:run', 2, NULL, 4, NULL, NULL, '2019-06-28 10:36:50', '2019-06-28 10:36:50', 0);
INSERT INTO `sys_menu` VALUES (1144434622747361282, 21, '停止', 'sys/schedule/pause', 'sys:schedule:pause', 2, NULL, 5, NULL, NULL, '2019-06-28 10:37:31', '2019-06-28 10:37:31', 0);
INSERT INTO `sys_menu` VALUES (1144434774337896449, 21, '恢复', 'sys/schedule/resume', 'sys:schedule:resume', 2, NULL, 6, NULL, NULL, '2019-06-28 10:38:07', '2019-06-28 10:38:07', 0);
INSERT INTO `sys_menu` VALUES (1144436424112848898, 1116961835054452737, '编辑', 'sys/dict/edit', 'sys:dict:edit', 2, NULL, 3, NULL, NULL, '2019-06-28 10:44:41', '2019-06-28 10:44:41', 0);
INSERT INTO `sys_menu` VALUES (1144436702056792066, 1116961835054452737, '查看字典', 'sys/dict/info', 'sys:dict:info', 2, NULL, 4, NULL, NULL, '2019-06-28 10:45:47', '2019-06-28 10:45:47', 0);
INSERT INTO `sys_menu` VALUES (1144438058905747457, 16, '清除缓存', 'sys/user/clearCache', 'sys:user:clearCache', 2, NULL, 6, NULL, NULL, '2019-06-28 10:51:11', '2019-06-28 10:51:37', 0);
INSERT INTO `sys_menu` VALUES (1144529041676718082, 1140501244083888130, '会议课件', 'meetingcourse', 'meeting:course:list', 1, NULL, 32, NULL, NULL, '2019-06-28 16:52:43', '2019-06-28 16:58:29', 0);
INSERT INTO `sys_menu` VALUES (1144529960707444738, 1140501244083888130, '会议场所', 'meetingplace', 'meeting:place:list', 1, NULL, 33, NULL, NULL, '2019-06-28 16:56:22', '2019-06-28 16:56:22', 0);
INSERT INTO `sys_menu` VALUES (1144530400115314689, 1140501244083888130, '会议问卷', 'meetingquestion', 'meeting:question:list', 1, NULL, 34, NULL, NULL, '2019-06-28 16:58:06', '2019-06-28 16:58:06', 0);
INSERT INTO `sys_menu` VALUES (1144538920059555842, 0, '医生', 'docker', NULL, 0, 'el-icon-first-aid-kit', 40, NULL, NULL, '2019-06-28 17:31:58', '2019-06-28 17:32:10', 0);
INSERT INTO `sys_menu` VALUES (1144539408234598401, 1144538920059555842, '医生列表', 'dockerlist', 'docker:list', 1, NULL, 41, NULL, NULL, '2019-06-28 17:33:54', '2019-06-28 17:33:54', 0);
INSERT INTO `sys_menu` VALUES (1144539634546659330, 1144538920059555842, '医院列表', 'hospitallist', 'hospital:list', 1, NULL, 42, NULL, NULL, '2019-06-28 17:34:48', '2019-06-28 17:34:48', 0);
INSERT INTO `sys_menu` VALUES (1149151197270355970, 1144529041676718082, '上传', 'meeting/course/ftpUpload', 'meeting:course:ftpUpload', 2, NULL, 1, NULL, NULL, '2019-07-11 10:59:30', '2019-07-11 10:59:58', 0);
INSERT INTO `sys_menu` VALUES (1149188500982312961, 1144529041676718082, '下载', 'meeting/course/download', 'meeting:course:download', 2, NULL, 2, NULL, NULL, '2019-07-11 13:27:44', '2019-07-11 13:27:44', 0);
INSERT INTO `sys_menu` VALUES (1149188641529245697, 1144529041676718082, '删除', 'meeting/course/del', 'meeting:course:del', 2, NULL, 3, NULL, NULL, '2019-07-11 13:28:18', '2019-07-11 13:28:18', 0);

-- ----------------------------
-- Table structure for sys_operation_log
-- ----------------------------
DROP TABLE IF EXISTS `sys_operation_log`;
CREATE TABLE `sys_operation_log`  (
  `id` bigint(20) NOT NULL AUTO_INCREMENT,
  `log_type` varchar(32) CHARACTER SET utf8mb4 COLLATE utf8mb4_0900_ai_ci NULL DEFAULT NULL COMMENT '日志类型',
  `log_name` varchar(64) CHARACTER SET utf8mb4 COLLATE utf8mb4_0900_ai_ci NULL DEFAULT NULL COMMENT '日志名称',
  `user_id` bigint(20) NULL DEFAULT NULL COMMENT '用户ID',
  `class_name` varchar(255) CHARACTER SET utf8mb4 COLLATE utf8mb4_0900_ai_ci NULL DEFAULT NULL COMMENT '类名称',
  `method` varchar(255) CHARACTER SET utf8mb4 COLLATE utf8mb4_0900_ai_ci NULL DEFAULT NULL COMMENT '方法名称',
  `succeed` varchar(32) CHARACTER SET utf8mb4 COLLATE utf8mb4_0900_ai_ci NULL DEFAULT NULL COMMENT '是否成功',
  `message` text CHARACTER SET utf8mb4 COLLATE utf8mb4_0900_ai_ci NULL COMMENT '备注',
  `create_time` datetime(0) NULL DEFAULT NULL COMMENT '创建时间',
  `update_time` datetime(0) NULL DEFAULT NULL COMMENT '更新时间',
  `execute_time` varchar(32) CHARACTER SET utf8mb4 COLLATE utf8mb4_0900_ai_ci NULL DEFAULT NULL COMMENT '执行时间(毫秒)',
  PRIMARY KEY (`id`) USING BTREE
) ENGINE = InnoDB AUTO_INCREMENT = 1149614148435337219 CHARACTER SET = utf8mb4 COLLATE = utf8mb4_0900_ai_ci COMMENT = '操作日志' ROW_FORMAT = Dynamic;

-- ----------------------------
-- Records of sys_operation_log
-- ----------------------------
INSERT INTO `sys_operation_log` VALUES (1149580052804075522, '业务日志', '会议课件分页', 1, 'com.ksh.beam.system.controller.meeting.CourseController', 'pageList', '成功', '{\"currentPage\":1,\"pageSize\":5}', '2019-07-12 15:23:37', '2019-07-12 15:23:37', '142');
INSERT INTO `sys_operation_log` VALUES (1149580202326818818, '业务日志', '会议课件分页', 1, 'com.ksh.beam.system.controller.meeting.CourseController', 'pageList', '成功', '{\"currentPage\":1,\"pageSize\":5}', '2019-07-12 15:24:13', '2019-07-12 15:24:13', '20');
INSERT INTO `sys_operation_log` VALUES (1149580235545706497, '业务日志', '会议课件分页', 1, 'com.ksh.beam.system.controller.meeting.CourseController', 'pageList', '成功', '{\"currentPage\":1,\"pageSize\":5}', '2019-07-12 15:24:21', '2019-07-12 15:24:21', '11');
INSERT INTO `sys_operation_log` VALUES (1149580365506215937, '业务日志', '会议课件分页', 1, 'com.ksh.beam.system.controller.meeting.CourseController', 'pageList', '成功', '{\"currentPage\":1,\"pageSize\":5}', '2019-07-12 15:24:52', '2019-07-12 15:24:52', '21');
INSERT INTO `sys_operation_log` VALUES (1149586399972843521, '业务日志', '会议列表分页', 1, 'com.ksh.beam.system.controller.meeting.ListController', 'pageList', '成功', '{\"currentPage\":1,\"pageSize\":10}', '2019-07-12 15:48:51', '2019-07-12 15:48:51', '243');
INSERT INTO `sys_operation_log` VALUES (1149586422349455361, '业务日志', '会议课件分页', 1, 'com.ksh.beam.system.controller.meeting.CourseController', 'pageList', '成功', '{\"currentPage\":1,\"pageSize\":5}', '2019-07-12 15:48:56', '2019-07-12 15:48:56', '43');
INSERT INTO `sys_operation_log` VALUES (1149586460165300226, '业务日志', '会议课件分页', 1, 'com.ksh.beam.system.controller.meeting.CourseController', 'pageList', '成功', '{\"currentPage\":1,\"pageSize\":5}', '2019-07-12 15:49:05', '2019-07-12 15:49:05', '18');
INSERT INTO `sys_operation_log` VALUES (1149606865131298817, '业务日志', '会议列表分页', 1, 'com.ksh.beam.system.controller.meeting.ListController', 'pageList', '成功', '{\"currentPage\":1,\"pageSize\":10}', '2019-07-12 17:10:10', '2019-07-12 17:10:10', '118');
INSERT INTO `sys_operation_log` VALUES (1149606867626909697, '业务日志', '会议课件分页', 1, 'com.ksh.beam.system.controller.meeting.CourseController', 'pageList', '成功', '{\"currentPage\":1,\"pageSize\":5}', '2019-07-12 17:10:11', '2019-07-12 17:10:11', '22');
INSERT INTO `sys_operation_log` VALUES (1149607066856349697, '业务日志', '会议列表分页', 1, 'com.ksh.beam.system.controller.meeting.ListController', 'pageList', '成功', '{\"currentPage\":1,\"pageSize\":10}', '2019-07-12 17:10:58', '2019-07-12 17:10:58', '15');
INSERT INTO `sys_operation_log` VALUES (1149607069326794753, '业务日志', '会议课件分页', 1, 'com.ksh.beam.system.controller.meeting.CourseController', 'pageList', '成功', '{\"currentPage\":1,\"pageSize\":5}', '2019-07-12 17:10:59', '2019-07-12 17:10:59', '42');
INSERT INTO `sys_operation_log` VALUES (1149608068468727810, '业务日志', '会议列表分页', 1, 'com.ksh.beam.system.controller.meeting.ListController', 'pageList', '成功', '{\"currentPage\":1,\"pageSize\":10}', '2019-07-12 17:14:57', '2019-07-12 17:14:57', '15');
INSERT INTO `sys_operation_log` VALUES (1149614148435337218, '业务日志', '会议列表分页', 1, 'com.ksh.beam.system.controller.meeting.ListController', 'pageList', '成功', '{\"currentPage\":1,\"pageSize\":10}', '2019-07-12 17:39:06', '2019-07-12 17:39:06', '11');

-- ----------------------------
-- Table structure for sys_role
-- ----------------------------
DROP TABLE IF EXISTS `sys_role`;
CREATE TABLE `sys_role`  (
  `id` bigint(20) NOT NULL,
  `role_name` varchar(100) CHARACTER SET utf8 COLLATE utf8_general_ci NULL DEFAULT NULL COMMENT '角色名称',
  `remark` varchar(100) CHARACTER SET utf8 COLLATE utf8_general_ci NULL DEFAULT NULL COMMENT '备注',
  `create_time` datetime(0) NULL DEFAULT NULL COMMENT '创建时间',
  `update_time` datetime(0) NULL DEFAULT NULL,
  PRIMARY KEY (`id`) USING BTREE
) ENGINE = InnoDB CHARACTER SET = utf8 COLLATE = utf8_general_ci COMMENT = '角色' ROW_FORMAT = Dynamic;

-- ----------------------------
-- Records of sys_role
-- ----------------------------
INSERT INTO `sys_role` VALUES (1, '超级管理员', '超级管理员', '2018-10-10 22:39:38', '2018-12-23 11:45:49');
INSERT INTO `sys_role` VALUES (1076685137679704065, '游客', '游客', '2018-12-23 03:45:15', '2019-04-12 07:12:41');

-- ----------------------------
-- Table structure for sys_role_menu
-- ----------------------------
DROP TABLE IF EXISTS `sys_role_menu`;
CREATE TABLE `sys_role_menu`  (
  `id` bigint(20) NOT NULL AUTO_INCREMENT,
  `role_id` bigint(20) NULL DEFAULT NULL COMMENT '角色ID',
  `menu_id` bigint(20) NULL DEFAULT NULL COMMENT '菜单ID',
  PRIMARY KEY (`id`) USING BTREE
) ENGINE = InnoDB AUTO_INCREMENT = 1140 CHARACTER SET = utf8 COLLATE = utf8_general_ci COMMENT = '角色与菜单对应关系' ROW_FORMAT = Dynamic;

-- ----------------------------
-- Records of sys_role_menu
-- ----------------------------
INSERT INTO `sys_role_menu` VALUES (1080, 1076685137679704065, 1);
INSERT INTO `sys_role_menu` VALUES (1081, 1076685137679704065, 1140501244083888130);
INSERT INTO `sys_role_menu` VALUES (1082, 1076685137679704065, 1141259777821741057);
INSERT INTO `sys_role_menu` VALUES (1083, 1076685137679704065, 1144150072410390529);
INSERT INTO `sys_role_menu` VALUES (1084, 1076685137679704065, 1144153171036356610);
INSERT INTO `sys_role_menu` VALUES (1085, 1076685137679704065, 1144529041676718082);
INSERT INTO `sys_role_menu` VALUES (1086, 1076685137679704065, 1144529960707444738);
INSERT INTO `sys_role_menu` VALUES (1087, 1076685137679704065, 1144530400115314689);
INSERT INTO `sys_role_menu` VALUES (1088, 1076685137679704065, 1144538920059555842);
INSERT INTO `sys_role_menu` VALUES (1089, 1076685137679704065, 1144539408234598401);
INSERT INTO `sys_role_menu` VALUES (1090, 1076685137679704065, 1144539634546659330);
INSERT INTO `sys_role_menu` VALUES (1091, 1, 1);
INSERT INTO `sys_role_menu` VALUES (1092, 1, 15);
INSERT INTO `sys_role_menu` VALUES (1093, 1, 16);
INSERT INTO `sys_role_menu` VALUES (1094, 1, 1080412372541181953);
INSERT INTO `sys_role_menu` VALUES (1095, 1, 1144177553146372097);
INSERT INTO `sys_role_menu` VALUES (1096, 1, 1080413095496585218);
INSERT INTO `sys_role_menu` VALUES (1097, 1, 1080636440926232577);
INSERT INTO `sys_role_menu` VALUES (1098, 1, 1080636634896015362);
INSERT INTO `sys_role_menu` VALUES (1099, 1, 1144438058905747457);
INSERT INTO `sys_role_menu` VALUES (1100, 1, 17);
INSERT INTO `sys_role_menu` VALUES (1101, 1, 1080637598663188481);
INSERT INTO `sys_role_menu` VALUES (1102, 1, 1144177807677710338);
INSERT INTO `sys_role_menu` VALUES (1103, 1, 1080637823859564545);
INSERT INTO `sys_role_menu` VALUES (1104, 1, 1080638043456544769);
INSERT INTO `sys_role_menu` VALUES (1105, 1, 18);
INSERT INTO `sys_role_menu` VALUES (1106, 1, 1080639293405274114);
INSERT INTO `sys_role_menu` VALUES (1107, 1, 1080639432148656130);
INSERT INTO `sys_role_menu` VALUES (1108, 1, 1080639575438663681);
INSERT INTO `sys_role_menu` VALUES (1109, 1, 19);
INSERT INTO `sys_role_menu` VALUES (1110, 1, 1080639863587348482);
INSERT INTO `sys_role_menu` VALUES (1111, 1, 1080640119691550722);
INSERT INTO `sys_role_menu` VALUES (1112, 1, 1080640228772814849);
INSERT INTO `sys_role_menu` VALUES (1113, 1, 21);
INSERT INTO `sys_role_menu` VALUES (1114, 1, 1080640763785650177);
INSERT INTO `sys_role_menu` VALUES (1115, 1, 1080640900176027650);
INSERT INTO `sys_role_menu` VALUES (1116, 1, 1080641066287243266);
INSERT INTO `sys_role_menu` VALUES (1117, 1, 1144434451212910594);
INSERT INTO `sys_role_menu` VALUES (1118, 1, 1144434622747361282);
INSERT INTO `sys_role_menu` VALUES (1119, 1, 1144434774337896449);
INSERT INTO `sys_role_menu` VALUES (1120, 1, 1116603445676101634);
INSERT INTO `sys_role_menu` VALUES (1121, 1, 1117690423326818305);
INSERT INTO `sys_role_menu` VALUES (1122, 1, 1116613754159702018);
INSERT INTO `sys_role_menu` VALUES (1123, 1, 1117690805209808898);
INSERT INTO `sys_role_menu` VALUES (1124, 1, 1116961835054452737);
INSERT INTO `sys_role_menu` VALUES (1125, 1, 1117688867416195074);
INSERT INTO `sys_role_menu` VALUES (1126, 1, 1117689069371932674);
INSERT INTO `sys_role_menu` VALUES (1127, 1, 1144436424112848898);
INSERT INTO `sys_role_menu` VALUES (1128, 1, 1144436702056792066);
INSERT INTO `sys_role_menu` VALUES (1129, 1, 1140501244083888130);
INSERT INTO `sys_role_menu` VALUES (1130, 1, 1141259777821741057);
INSERT INTO `sys_role_menu` VALUES (1131, 1, 1144150072410390529);
INSERT INTO `sys_role_menu` VALUES (1132, 1, 1144153171036356610);
INSERT INTO `sys_role_menu` VALUES (1133, 1, 1144529041676718082);
INSERT INTO `sys_role_menu` VALUES (1134, 1, 1149151197270355970);
INSERT INTO `sys_role_menu` VALUES (1135, 1, 1144529960707444738);
INSERT INTO `sys_role_menu` VALUES (1136, 1, 1144530400115314689);
INSERT INTO `sys_role_menu` VALUES (1137, 1, 1144538920059555842);
INSERT INTO `sys_role_menu` VALUES (1138, 1, 1144539408234598401);
INSERT INTO `sys_role_menu` VALUES (1139, 1, 1144539634546659330);

-- ----------------------------
-- Table structure for sys_user
-- ----------------------------
DROP TABLE IF EXISTS `sys_user`;
CREATE TABLE `sys_user`  (
  `id` bigint(20) NOT NULL COMMENT '主键id',
  `avatar` varchar(512) CHARACTER SET utf8 COLLATE utf8_general_ci NULL DEFAULT NULL COMMENT '头像',
  `account` varchar(45) CHARACTER SET utf8 COLLATE utf8_general_ci NULL DEFAULT NULL COMMENT '账号',
  `password` varchar(128) CHARACTER SET utf8 COLLATE utf8_general_ci NULL DEFAULT NULL COMMENT '密码',
  `salt` varchar(45) CHARACTER SET utf8 COLLATE utf8_general_ci NULL DEFAULT NULL COMMENT 'md5密码盐',
  `name` varchar(45) CHARACTER SET utf8 COLLATE utf8_general_ci NULL DEFAULT NULL COMMENT '名字',
  `dept_id` bigint(20) NULL DEFAULT NULL,
  `birthday` varchar(10) CHARACTER SET utf8 COLLATE utf8_general_ci NULL DEFAULT NULL COMMENT '生日',
  `sex` int(11) NULL DEFAULT NULL COMMENT '性别（1：男 2：女）',
  `email` varchar(45) CHARACTER SET utf8 COLLATE utf8_general_ci NULL DEFAULT NULL COMMENT '电子邮件',
  `phone` varchar(45) CHARACTER SET utf8 COLLATE utf8_general_ci NULL DEFAULT NULL COMMENT '电话',
  `status` int(11) NULL DEFAULT NULL COMMENT '状态(1：启用  2：冻结  3：删除）',
  `version` int(11) NULL DEFAULT NULL COMMENT '保留字段',
  `create_by` bigint(20) NULL DEFAULT NULL,
  `update_by` bigint(20) NULL DEFAULT NULL,
  `create_time` datetime(0) NULL DEFAULT NULL,
  `update_time` datetime(0) NULL DEFAULT NULL,
  `del_flag` tinyint(1) NULL DEFAULT NULL,
  PRIMARY KEY (`id`) USING BTREE,
  UNIQUE INDEX `account`(`account`) USING BTREE
) ENGINE = InnoDB CHARACTER SET = utf8 COLLATE = utf8_general_ci COMMENT = '管理员表' ROW_FORMAT = Dynamic;

-- ----------------------------
-- Records of sys_user
-- ----------------------------
INSERT INTO `sys_user` VALUES (1, 'https://mwy-1259572200.cos.ap-beijing.myqcloud.com/50099e79-d9b6-4eaf-82fe-f912dad845ba.jpg', 'admin', 'aa0d7f0f4fc75910c2cab9a3547d4ec5fdfea6095c27fd2d13e17dc216df3581', 'BFDze8hBJwwhOw3BDvhg', 'admin', 4, '2018-10-08', 1, 'admin@qq.com', '13412341234', 1, NULL, NULL, NULL, '2018-10-31 17:48:40', '2019-07-11 15:01:08', 0);
INSERT INTO `sys_user` VALUES (1072429679148908546, 'https://mwy-1259572200.cos.ap-beijing.myqcloud.com/50099e79-d9b6-4eaf-82fe-f912dad845ba.jpg', 'test', '7848e5f0b4a6d48ad145984735bf98efe2ff2ab4f99a92b2c29201207ea3fe5f', 'ZCCRZ4gOfa8WzorCBFii', 'test', 3, '2019-07-18', NULL, 'test@163.com', '13412341234', 1, NULL, NULL, NULL, '2018-12-11 09:55:35', '2019-07-11 17:19:52', 0);

-- ----------------------------
-- Table structure for sys_user_role
-- ----------------------------
DROP TABLE IF EXISTS `sys_user_role`;
CREATE TABLE `sys_user_role`  (
  `id` bigint(20) NOT NULL AUTO_INCREMENT,
  `user_id` bigint(20) NULL DEFAULT NULL COMMENT '用户ID',
  `role_id` bigint(20) NULL DEFAULT NULL COMMENT '角色ID',
  PRIMARY KEY (`id`) USING BTREE
) ENGINE = InnoDB AUTO_INCREMENT = 62 CHARACTER SET = utf8 COLLATE = utf8_general_ci COMMENT = '用户与角色对应关系' ROW_FORMAT = Dynamic;

-- ----------------------------
-- Records of sys_user_role
-- ----------------------------
INSERT INTO `sys_user_role` VALUES (2, 1058283224922398721, 1);
INSERT INTO `sys_user_role` VALUES (43, 1, 1);
INSERT INTO `sys_user_role` VALUES (61, 1072429679148908546, 1076685137679704065);

SET FOREIGN_KEY_CHECKS = 1;
