/*
 Navicat Premium Data Transfer

 Source Server         : root
 Source Server Type    : MySQL
 Source Server Version : 80016
 Source Host           : localhost:3306
 Source Schema         : beam

 Target Server Type    : MySQL
 Target Server Version : 80016
 File Encoding         : 65001

 Date: 25/07/2019 15:57:25
*/

SET NAMES utf8mb4;
SET FOREIGN_KEY_CHECKS = 0;

-- ----------------------------
-- Table structure for meeting_course
-- ----------------------------
DROP TABLE IF EXISTS `meeting_course`;
CREATE TABLE `meeting_course`  (
  `id` bigint(20) NOT NULL AUTO_INCREMENT,
  `course_name` varchar(255) CHARACTER SET utf8mb4 COLLATE utf8mb4_0900_ai_ci NULL DEFAULT NULL COMMENT '课件名',
  `file_path` varchar(255) CHARACTER SET utf8mb4 COLLATE utf8mb4_0900_ai_ci NULL DEFAULT NULL COMMENT 'ftp路径',
  `file_size` varchar(20) CHARACTER SET utf8mb4 COLLATE utf8mb4_0900_ai_ci NULL DEFAULT NULL COMMENT '大小',
  `download_times` int(20) NULL DEFAULT NULL COMMENT '课件下载次数',
  `create_time` datetime(0) NULL DEFAULT NULL COMMENT '创建时间',
  `update_time` datetime(0) NULL DEFAULT NULL COMMENT '更新时间',
  `file_name` varchar(255) CHARACTER SET utf8mb4 COLLATE utf8mb4_0900_ai_ci NULL DEFAULT NULL COMMENT 'ftp文件名',
  PRIMARY KEY (`id`) USING BTREE
) ENGINE = InnoDB AUTO_INCREMENT = 90 CHARACTER SET = utf8mb4 COLLATE = utf8mb4_0900_ai_ci ROW_FORMAT = Dynamic;

-- ----------------------------
-- Records of meeting_course
-- ----------------------------
INSERT INTO `meeting_course` VALUES (87, 'w (1).jpg', 'course/', '1.34MB', 0, '2019-07-22 16:49:24', '2019-07-22 16:49:24', '50a6f630-4235-4c2d-80fa-92f5b590971e.jpg');
INSERT INTO `meeting_course` VALUES (88, 'w (16).jpg', 'course/', '956.27KB', 0, '2019-07-22 17:02:54', '2019-07-22 17:02:54', '3903ba1f-092e-4a7e-889d-0905fb953049.jpg');
INSERT INTO `meeting_course` VALUES (89, '科室汇管理后台需求文档_1.0.docx', 'course/', '802.77KB', 0, '2019-07-23 09:49:52', '2019-07-23 09:49:52', 'e5124314-5f74-479a-8d22-6a3c8706dcc0.docx');

-- ----------------------------
-- Table structure for meeting_list
-- ----------------------------
DROP TABLE IF EXISTS `meeting_list`;
CREATE TABLE `meeting_list`  (
  `id` bigint(20) NOT NULL,
  `code` bigint(20) NULL DEFAULT NULL COMMENT '编号',
  `meeting_time` datetime(0) NULL DEFAULT NULL COMMENT '会议日期',
  `hospital_name` varchar(255) CHARACTER SET utf8mb4 COLLATE utf8mb4_0900_ai_ci NULL DEFAULT NULL COMMENT '医院名称',
  `city` varchar(255) CHARACTER SET utf8mb4 COLLATE utf8mb4_0900_ai_ci NULL DEFAULT NULL COMMENT '所在省市',
  `courseware` varchar(255) CHARACTER SET utf8mb4 COLLATE utf8mb4_0900_ai_ci NULL DEFAULT NULL COMMENT '课件',
  `speakers` varchar(255) CHARACTER SET utf8mb4 COLLATE utf8mb4_0900_ai_ci NULL DEFAULT NULL COMMENT '讲者',
  `application_time` datetime(0) NULL DEFAULT NULL COMMENT '申请日期',
  `source` varchar(255) CHARACTER SET utf8mb4 COLLATE utf8mb4_0900_ai_ci NOT NULL COMMENT '来源',
  `flag` varchar(2) CHARACTER SET utf8mb4 COLLATE utf8mb4_0900_ai_ci NULL DEFAULT NULL COMMENT '状态（01：待审核，02：待修改，03：带开展，04：开展中，05：已结束）',
  PRIMARY KEY (`id`) USING BTREE
) ENGINE = InnoDB CHARACTER SET = utf8mb4 COLLATE = utf8mb4_0900_ai_ci ROW_FORMAT = Dynamic;

-- ----------------------------
-- Records of meeting_list
-- ----------------------------
INSERT INTO `meeting_list` VALUES (1, 1, '2019-06-19 17:33:14', '协和', '北京', '人类简史', '霍金', '2019-06-19 17:33:46', '微信', '01');
INSERT INTO `meeting_list` VALUES (2, 2, '2019-06-20 13:43:44', '同仁', '北京', '本草纲目', '华佗', '2019-06-20 13:44:02', 'QQ', '02');
INSERT INTO `meeting_list` VALUES (3, 3, '2019-06-24 14:16:17', '海淀医院', '北京', '伤寒杂病论', '扁鹊', '2019-06-24 14:16:50', '微博', '03');
INSERT INTO `meeting_list` VALUES (4, 4, '2019-06-24 14:17:52', '上海医院', '上海', '黄帝内经', '黄帝', '2019-06-24 14:18:22', '知乎', '04');
INSERT INTO `meeting_list` VALUES (5, 5, '2019-06-24 14:18:42', '中心医院', '芝加哥', '五禽戏', '司马懿', '2019-06-24 14:19:30', '优酷', '05');

-- ----------------------------
-- Table structure for qrtz_blob_triggers
-- ----------------------------
DROP TABLE IF EXISTS `qrtz_blob_triggers`;
CREATE TABLE `qrtz_blob_triggers`  (
  `SCHED_NAME` varchar(120) CHARACTER SET utf8 COLLATE utf8_general_ci NOT NULL,
  `TRIGGER_NAME` varchar(200) CHARACTER SET utf8 COLLATE utf8_general_ci NOT NULL,
  `TRIGGER_GROUP` varchar(200) CHARACTER SET utf8 COLLATE utf8_general_ci NOT NULL,
  `BLOB_DATA` blob NULL,
  PRIMARY KEY (`SCHED_NAME`, `TRIGGER_NAME`, `TRIGGER_GROUP`) USING BTREE,
  INDEX `SCHED_NAME`(`SCHED_NAME`, `TRIGGER_NAME`, `TRIGGER_GROUP`) USING BTREE,
  CONSTRAINT `QRTZ_BLOB_TRIGGERS_ibfk_1` FOREIGN KEY (`SCHED_NAME`, `TRIGGER_NAME`, `TRIGGER_GROUP`) REFERENCES `qrtz_triggers` (`SCHED_NAME`, `TRIGGER_NAME`, `TRIGGER_GROUP`) ON DELETE RESTRICT ON UPDATE RESTRICT
) ENGINE = InnoDB CHARACTER SET = utf8 COLLATE = utf8_general_ci ROW_FORMAT = Dynamic;

-- ----------------------------
-- Table structure for qrtz_calendars
-- ----------------------------
DROP TABLE IF EXISTS `qrtz_calendars`;
CREATE TABLE `qrtz_calendars`  (
  `SCHED_NAME` varchar(120) CHARACTER SET utf8 COLLATE utf8_general_ci NOT NULL,
  `CALENDAR_NAME` varchar(200) CHARACTER SET utf8 COLLATE utf8_general_ci NOT NULL,
  `CALENDAR` blob NOT NULL,
  PRIMARY KEY (`SCHED_NAME`, `CALENDAR_NAME`) USING BTREE
) ENGINE = InnoDB CHARACTER SET = utf8 COLLATE = utf8_general_ci ROW_FORMAT = Dynamic;

-- ----------------------------
-- Table structure for qrtz_cron_triggers
-- ----------------------------
DROP TABLE IF EXISTS `qrtz_cron_triggers`;
CREATE TABLE `qrtz_cron_triggers`  (
  `SCHED_NAME` varchar(120) CHARACTER SET utf8 COLLATE utf8_general_ci NOT NULL,
  `TRIGGER_NAME` varchar(200) CHARACTER SET utf8 COLLATE utf8_general_ci NOT NULL,
  `TRIGGER_GROUP` varchar(200) CHARACTER SET utf8 COLLATE utf8_general_ci NOT NULL,
  `CRON_EXPRESSION` varchar(120) CHARACTER SET utf8 COLLATE utf8_general_ci NOT NULL,
  `TIME_ZONE_ID` varchar(80) CHARACTER SET utf8 COLLATE utf8_general_ci NULL DEFAULT NULL,
  PRIMARY KEY (`SCHED_NAME`, `TRIGGER_NAME`, `TRIGGER_GROUP`) USING BTREE,
  CONSTRAINT `QRTZ_CRON_TRIGGERS_ibfk_1` FOREIGN KEY (`SCHED_NAME`, `TRIGGER_NAME`, `TRIGGER_GROUP`) REFERENCES `qrtz_triggers` (`SCHED_NAME`, `TRIGGER_NAME`, `TRIGGER_GROUP`) ON DELETE RESTRICT ON UPDATE RESTRICT
) ENGINE = InnoDB CHARACTER SET = utf8 COLLATE = utf8_general_ci ROW_FORMAT = Dynamic;

-- ----------------------------
-- Records of qrtz_cron_triggers
-- ----------------------------
INSERT INTO `qrtz_cron_triggers` VALUES ('RenrenScheduler', 'TASK_1', 'DEFAULT', '*/5 * * * * ?', 'Asia/Shanghai');

-- ----------------------------
-- Table structure for qrtz_fired_triggers
-- ----------------------------
DROP TABLE IF EXISTS `qrtz_fired_triggers`;
CREATE TABLE `qrtz_fired_triggers`  (
  `SCHED_NAME` varchar(120) CHARACTER SET utf8 COLLATE utf8_general_ci NOT NULL,
  `ENTRY_ID` varchar(95) CHARACTER SET utf8 COLLATE utf8_general_ci NOT NULL,
  `TRIGGER_NAME` varchar(200) CHARACTER SET utf8 COLLATE utf8_general_ci NOT NULL,
  `TRIGGER_GROUP` varchar(200) CHARACTER SET utf8 COLLATE utf8_general_ci NOT NULL,
  `INSTANCE_NAME` varchar(200) CHARACTER SET utf8 COLLATE utf8_general_ci NOT NULL,
  `FIRED_TIME` bigint(13) NOT NULL,
  `SCHED_TIME` bigint(13) NOT NULL,
  `PRIORITY` int(11) NOT NULL,
  `STATE` varchar(16) CHARACTER SET utf8 COLLATE utf8_general_ci NOT NULL,
  `JOB_NAME` varchar(200) CHARACTER SET utf8 COLLATE utf8_general_ci NULL DEFAULT NULL,
  `JOB_GROUP` varchar(200) CHARACTER SET utf8 COLLATE utf8_general_ci NULL DEFAULT NULL,
  `IS_NONCONCURRENT` varchar(1) CHARACTER SET utf8 COLLATE utf8_general_ci NULL DEFAULT NULL,
  `REQUESTS_RECOVERY` varchar(1) CHARACTER SET utf8 COLLATE utf8_general_ci NULL DEFAULT NULL,
  PRIMARY KEY (`SCHED_NAME`, `ENTRY_ID`) USING BTREE,
  INDEX `IDX_QRTZ_FT_TRIG_INST_NAME`(`SCHED_NAME`, `INSTANCE_NAME`) USING BTREE,
  INDEX `IDX_QRTZ_FT_INST_JOB_REQ_RCVRY`(`SCHED_NAME`, `INSTANCE_NAME`, `REQUESTS_RECOVERY`) USING BTREE,
  INDEX `IDX_QRTZ_FT_J_G`(`SCHED_NAME`, `JOB_NAME`, `JOB_GROUP`) USING BTREE,
  INDEX `IDX_QRTZ_FT_JG`(`SCHED_NAME`, `JOB_GROUP`) USING BTREE,
  INDEX `IDX_QRTZ_FT_T_G`(`SCHED_NAME`, `TRIGGER_NAME`, `TRIGGER_GROUP`) USING BTREE,
  INDEX `IDX_QRTZ_FT_TG`(`SCHED_NAME`, `TRIGGER_GROUP`) USING BTREE
) ENGINE = InnoDB CHARACTER SET = utf8 COLLATE = utf8_general_ci ROW_FORMAT = Dynamic;

-- ----------------------------
-- Table structure for qrtz_job_details
-- ----------------------------
DROP TABLE IF EXISTS `qrtz_job_details`;
CREATE TABLE `qrtz_job_details`  (
  `SCHED_NAME` varchar(120) CHARACTER SET utf8 COLLATE utf8_general_ci NOT NULL,
  `JOB_NAME` varchar(200) CHARACTER SET utf8 COLLATE utf8_general_ci NOT NULL,
  `JOB_GROUP` varchar(200) CHARACTER SET utf8 COLLATE utf8_general_ci NOT NULL,
  `DESCRIPTION` varchar(250) CHARACTER SET utf8 COLLATE utf8_general_ci NULL DEFAULT NULL,
  `JOB_CLASS_NAME` varchar(250) CHARACTER SET utf8 COLLATE utf8_general_ci NOT NULL,
  `IS_DURABLE` varchar(1) CHARACTER SET utf8 COLLATE utf8_general_ci NOT NULL,
  `IS_NONCONCURRENT` varchar(1) CHARACTER SET utf8 COLLATE utf8_general_ci NOT NULL,
  `IS_UPDATE_DATA` varchar(1) CHARACTER SET utf8 COLLATE utf8_general_ci NOT NULL,
  `REQUESTS_RECOVERY` varchar(1) CHARACTER SET utf8 COLLATE utf8_general_ci NOT NULL,
  `JOB_DATA` blob NULL,
  PRIMARY KEY (`SCHED_NAME`, `JOB_NAME`, `JOB_GROUP`) USING BTREE,
  INDEX `IDX_QRTZ_J_REQ_RECOVERY`(`SCHED_NAME`, `REQUESTS_RECOVERY`) USING BTREE,
  INDEX `IDX_QRTZ_J_GRP`(`SCHED_NAME`, `JOB_GROUP`) USING BTREE
) ENGINE = InnoDB CHARACTER SET = utf8 COLLATE = utf8_general_ci ROW_FORMAT = Dynamic;

-- ----------------------------
-- Records of qrtz_job_details
-- ----------------------------
INSERT INTO `qrtz_job_details` VALUES ('RenrenScheduler', 'TASK_1', 'DEFAULT', NULL, 'com.ksh.beam.common.quartz.ScheduleJob', '0', '0', '0', '0', 0xACED0005737200156F72672E71756172747A2E4A6F62446174614D61709FB083E8BFA9B0CB020000787200266F72672E71756172747A2E7574696C732E537472696E674B65794469727479466C61674D61708208E8C3FBC55D280200015A0013616C6C6F77735472616E7369656E74446174617872001D6F72672E71756172747A2E7574696C732E4469727479466C61674D617013E62EAD28760ACE0200025A000564697274794C00036D617074000F4C6A6176612F7574696C2F4D61703B787001737200116A6176612E7574696C2E486173684D61700507DAC1C31660D103000246000A6C6F6164466163746F724900097468726573686F6C6478703F4000000000000C7708000000100000000174000D4A4F425F504152414D5F4B45597372002A636F6D2E6B73682E6265616D2E73797374656D2E656E746974792E7379732E5363686564756C654A6F6200000000000000010200074C00086265616E4E616D657400124C6A6176612F6C616E672F537472696E673B4C000E63726F6E45787072657373696F6E71007E00094C000269647400104C6A6176612F6C616E672F4C6F6E673B4C000A6D6574686F644E616D6571007E00094C0006706172616D7371007E00094C000672656D61726B71007E00094C00067374617475737400134C6A6176612F6C616E672F496E74656765723B7872002A636F6D2E6B73682E6265616D2E636F6D6D6F6E2E626173652E656E746974792E52657374456E746974795EADF9A34ADCA4C70200024C000A63726561746554696D657400104C6A6176612F7574696C2F446174653B4C000A75706461746554696D6571007E000D7872002E636F6D2E6B73682E6265616D2E636F6D6D6F6E2E626173652E656E746974792E4162737472616374456E746974790FBA12BDC01787F10200024A000B63757272656E74506167654A00087061676553697A6578720035636F6D2E62616F6D69646F752E6D796261746973706C75732E657874656E73696F6E2E6163746976657265636F72642E4D6F64656C000000000000000102000078700000000000000000000000000000000A7372000E6A6176612E7574696C2E44617465686A81014B59741903000078707708000001680B7908A0787371007E001177080000016BBFEAF1B0787400047461736B74000D2A2F35202A202A202A202A203F7372000E6A6176612E6C616E672E4C6F6E673B8BE490CC8F23DF0200014A000576616C7565787200106A6176612E6C616E672E4E756D62657286AC951D0B94E08B020000787000000000000000017400047465737470740006E6B58BE8AF95737200116A6176612E6C616E672E496E746567657212E2A0A4F781873802000149000576616C75657871007E0017000000007800);

-- ----------------------------
-- Table structure for qrtz_locks
-- ----------------------------
DROP TABLE IF EXISTS `qrtz_locks`;
CREATE TABLE `qrtz_locks`  (
  `SCHED_NAME` varchar(120) CHARACTER SET utf8 COLLATE utf8_general_ci NOT NULL,
  `LOCK_NAME` varchar(40) CHARACTER SET utf8 COLLATE utf8_general_ci NOT NULL,
  PRIMARY KEY (`SCHED_NAME`, `LOCK_NAME`) USING BTREE
) ENGINE = InnoDB CHARACTER SET = utf8 COLLATE = utf8_general_ci ROW_FORMAT = Dynamic;

-- ----------------------------
-- Records of qrtz_locks
-- ----------------------------
INSERT INTO `qrtz_locks` VALUES ('RenrenScheduler', 'STATE_ACCESS');
INSERT INTO `qrtz_locks` VALUES ('RenrenScheduler', 'TRIGGER_ACCESS');

-- ----------------------------
-- Table structure for qrtz_paused_trigger_grps
-- ----------------------------
DROP TABLE IF EXISTS `qrtz_paused_trigger_grps`;
CREATE TABLE `qrtz_paused_trigger_grps`  (
  `SCHED_NAME` varchar(120) CHARACTER SET utf8 COLLATE utf8_general_ci NOT NULL,
  `TRIGGER_GROUP` varchar(200) CHARACTER SET utf8 COLLATE utf8_general_ci NOT NULL,
  PRIMARY KEY (`SCHED_NAME`, `TRIGGER_GROUP`) USING BTREE
) ENGINE = InnoDB CHARACTER SET = utf8 COLLATE = utf8_general_ci ROW_FORMAT = Dynamic;

-- ----------------------------
-- Table structure for qrtz_scheduler_state
-- ----------------------------
DROP TABLE IF EXISTS `qrtz_scheduler_state`;
CREATE TABLE `qrtz_scheduler_state`  (
  `SCHED_NAME` varchar(120) CHARACTER SET utf8 COLLATE utf8_general_ci NOT NULL,
  `INSTANCE_NAME` varchar(200) CHARACTER SET utf8 COLLATE utf8_general_ci NOT NULL,
  `LAST_CHECKIN_TIME` bigint(13) NOT NULL,
  `CHECKIN_INTERVAL` bigint(13) NOT NULL,
  PRIMARY KEY (`SCHED_NAME`, `INSTANCE_NAME`) USING BTREE
) ENGINE = InnoDB CHARACTER SET = utf8 COLLATE = utf8_general_ci ROW_FORMAT = Dynamic;

-- ----------------------------
-- Records of qrtz_scheduler_state
-- ----------------------------
INSERT INTO `qrtz_scheduler_state` VALUES ('RenrenScheduler', 'DESKTOP-5N8RA0F1564040836288', 1564041440090, 15000);

-- ----------------------------
-- Table structure for qrtz_simple_triggers
-- ----------------------------
DROP TABLE IF EXISTS `qrtz_simple_triggers`;
CREATE TABLE `qrtz_simple_triggers`  (
  `SCHED_NAME` varchar(120) CHARACTER SET utf8 COLLATE utf8_general_ci NOT NULL,
  `TRIGGER_NAME` varchar(200) CHARACTER SET utf8 COLLATE utf8_general_ci NOT NULL,
  `TRIGGER_GROUP` varchar(200) CHARACTER SET utf8 COLLATE utf8_general_ci NOT NULL,
  `REPEAT_COUNT` bigint(7) NOT NULL,
  `REPEAT_INTERVAL` bigint(12) NOT NULL,
  `TIMES_TRIGGERED` bigint(10) NOT NULL,
  PRIMARY KEY (`SCHED_NAME`, `TRIGGER_NAME`, `TRIGGER_GROUP`) USING BTREE,
  CONSTRAINT `QRTZ_SIMPLE_TRIGGERS_ibfk_1` FOREIGN KEY (`SCHED_NAME`, `TRIGGER_NAME`, `TRIGGER_GROUP`) REFERENCES `qrtz_triggers` (`SCHED_NAME`, `TRIGGER_NAME`, `TRIGGER_GROUP`) ON DELETE RESTRICT ON UPDATE RESTRICT
) ENGINE = InnoDB CHARACTER SET = utf8 COLLATE = utf8_general_ci ROW_FORMAT = Dynamic;

-- ----------------------------
-- Table structure for qrtz_simprop_triggers
-- ----------------------------
DROP TABLE IF EXISTS `qrtz_simprop_triggers`;
CREATE TABLE `qrtz_simprop_triggers`  (
  `SCHED_NAME` varchar(120) CHARACTER SET utf8 COLLATE utf8_general_ci NOT NULL,
  `TRIGGER_NAME` varchar(200) CHARACTER SET utf8 COLLATE utf8_general_ci NOT NULL,
  `TRIGGER_GROUP` varchar(200) CHARACTER SET utf8 COLLATE utf8_general_ci NOT NULL,
  `STR_PROP_1` varchar(512) CHARACTER SET utf8 COLLATE utf8_general_ci NULL DEFAULT NULL,
  `STR_PROP_2` varchar(512) CHARACTER SET utf8 COLLATE utf8_general_ci NULL DEFAULT NULL,
  `STR_PROP_3` varchar(512) CHARACTER SET utf8 COLLATE utf8_general_ci NULL DEFAULT NULL,
  `INT_PROP_1` int(11) NULL DEFAULT NULL,
  `INT_PROP_2` int(11) NULL DEFAULT NULL,
  `LONG_PROP_1` bigint(20) NULL DEFAULT NULL,
  `LONG_PROP_2` bigint(20) NULL DEFAULT NULL,
  `DEC_PROP_1` decimal(13, 4) NULL DEFAULT NULL,
  `DEC_PROP_2` decimal(13, 4) NULL DEFAULT NULL,
  `BOOL_PROP_1` varchar(1) CHARACTER SET utf8 COLLATE utf8_general_ci NULL DEFAULT NULL,
  `BOOL_PROP_2` varchar(1) CHARACTER SET utf8 COLLATE utf8_general_ci NULL DEFAULT NULL,
  PRIMARY KEY (`SCHED_NAME`, `TRIGGER_NAME`, `TRIGGER_GROUP`) USING BTREE,
  CONSTRAINT `QRTZ_SIMPROP_TRIGGERS_ibfk_1` FOREIGN KEY (`SCHED_NAME`, `TRIGGER_NAME`, `TRIGGER_GROUP`) REFERENCES `qrtz_triggers` (`SCHED_NAME`, `TRIGGER_NAME`, `TRIGGER_GROUP`) ON DELETE RESTRICT ON UPDATE RESTRICT
) ENGINE = InnoDB CHARACTER SET = utf8 COLLATE = utf8_general_ci ROW_FORMAT = Dynamic;

-- ----------------------------
-- Table structure for qrtz_triggers
-- ----------------------------
DROP TABLE IF EXISTS `qrtz_triggers`;
CREATE TABLE `qrtz_triggers`  (
  `SCHED_NAME` varchar(120) CHARACTER SET utf8 COLLATE utf8_general_ci NOT NULL,
  `TRIGGER_NAME` varchar(200) CHARACTER SET utf8 COLLATE utf8_general_ci NOT NULL,
  `TRIGGER_GROUP` varchar(200) CHARACTER SET utf8 COLLATE utf8_general_ci NOT NULL,
  `JOB_NAME` varchar(200) CHARACTER SET utf8 COLLATE utf8_general_ci NOT NULL,
  `JOB_GROUP` varchar(200) CHARACTER SET utf8 COLLATE utf8_general_ci NOT NULL,
  `DESCRIPTION` varchar(250) CHARACTER SET utf8 COLLATE utf8_general_ci NULL DEFAULT NULL,
  `NEXT_FIRE_TIME` bigint(13) NULL DEFAULT NULL,
  `PREV_FIRE_TIME` bigint(13) NULL DEFAULT NULL,
  `PRIORITY` int(11) NULL DEFAULT NULL,
  `TRIGGER_STATE` varchar(16) CHARACTER SET utf8 COLLATE utf8_general_ci NOT NULL,
  `TRIGGER_TYPE` varchar(8) CHARACTER SET utf8 COLLATE utf8_general_ci NOT NULL,
  `START_TIME` bigint(13) NOT NULL,
  `END_TIME` bigint(13) NULL DEFAULT NULL,
  `CALENDAR_NAME` varchar(200) CHARACTER SET utf8 COLLATE utf8_general_ci NULL DEFAULT NULL,
  `MISFIRE_INSTR` smallint(2) NULL DEFAULT NULL,
  `JOB_DATA` blob NULL,
  PRIMARY KEY (`SCHED_NAME`, `TRIGGER_NAME`, `TRIGGER_GROUP`) USING BTREE,
  INDEX `IDX_QRTZ_T_J`(`SCHED_NAME`, `JOB_NAME`, `JOB_GROUP`) USING BTREE,
  INDEX `IDX_QRTZ_T_JG`(`SCHED_NAME`, `JOB_GROUP`) USING BTREE,
  INDEX `IDX_QRTZ_T_C`(`SCHED_NAME`, `CALENDAR_NAME`) USING BTREE,
  INDEX `IDX_QRTZ_T_G`(`SCHED_NAME`, `TRIGGER_GROUP`) USING BTREE,
  INDEX `IDX_QRTZ_T_STATE`(`SCHED_NAME`, `TRIGGER_STATE`) USING BTREE,
  INDEX `IDX_QRTZ_T_N_STATE`(`SCHED_NAME`, `TRIGGER_NAME`, `TRIGGER_GROUP`, `TRIGGER_STATE`) USING BTREE,
  INDEX `IDX_QRTZ_T_N_G_STATE`(`SCHED_NAME`, `TRIGGER_GROUP`, `TRIGGER_STATE`) USING BTREE,
  INDEX `IDX_QRTZ_T_NEXT_FIRE_TIME`(`SCHED_NAME`, `NEXT_FIRE_TIME`) USING BTREE,
  INDEX `IDX_QRTZ_T_NFT_ST`(`SCHED_NAME`, `TRIGGER_STATE`, `NEXT_FIRE_TIME`) USING BTREE,
  INDEX `IDX_QRTZ_T_NFT_MISFIRE`(`SCHED_NAME`, `MISFIRE_INSTR`, `NEXT_FIRE_TIME`) USING BTREE,
  INDEX `IDX_QRTZ_T_NFT_ST_MISFIRE`(`SCHED_NAME`, `MISFIRE_INSTR`, `NEXT_FIRE_TIME`, `TRIGGER_STATE`) USING BTREE,
  INDEX `IDX_QRTZ_T_NFT_ST_MISFIRE_GRP`(`SCHED_NAME`, `MISFIRE_INSTR`, `NEXT_FIRE_TIME`, `TRIGGER_GROUP`, `TRIGGER_STATE`) USING BTREE,
  CONSTRAINT `QRTZ_TRIGGERS_ibfk_1` FOREIGN KEY (`SCHED_NAME`, `JOB_NAME`, `JOB_GROUP`) REFERENCES `qrtz_job_details` (`SCHED_NAME`, `JOB_NAME`, `JOB_GROUP`) ON DELETE RESTRICT ON UPDATE RESTRICT
) ENGINE = InnoDB CHARACTER SET = utf8 COLLATE = utf8_general_ci ROW_FORMAT = Dynamic;

-- ----------------------------
-- Records of qrtz_triggers
-- ----------------------------
INSERT INTO `qrtz_triggers` VALUES ('RenrenScheduler', 'TASK_1', 'DEFAULT', 'TASK_1', 'DEFAULT', NULL, 1563241010000, -1, 5, 'PAUSED', 'CRON', 1563241008000, 0, NULL, 2, 0xACED0005737200156F72672E71756172747A2E4A6F62446174614D61709FB083E8BFA9B0CB020000787200266F72672E71756172747A2E7574696C732E537472696E674B65794469727479466C61674D61708208E8C3FBC55D280200015A0013616C6C6F77735472616E7369656E74446174617872001D6F72672E71756172747A2E7574696C732E4469727479466C61674D617013E62EAD28760ACE0200025A000564697274794C00036D617074000F4C6A6176612F7574696C2F4D61703B787001737200116A6176612E7574696C2E486173684D61700507DAC1C31660D103000246000A6C6F6164466163746F724900097468726573686F6C6478703F4000000000000C7708000000100000000174000D4A4F425F504152414D5F4B45597372002A636F6D2E6B73682E6265616D2E73797374656D2E656E746974792E7379732E5363686564756C654A6F6200000000000000010200074C00086265616E4E616D657400124C6A6176612F6C616E672F537472696E673B4C000E63726F6E45787072657373696F6E71007E00094C000269647400104C6A6176612F6C616E672F4C6F6E673B4C000A6D6574686F644E616D6571007E00094C0006706172616D7371007E00094C000672656D61726B71007E00094C00067374617475737400134C6A6176612F6C616E672F496E74656765723B7872002A636F6D2E6B73682E6265616D2E636F6D6D6F6E2E626173652E656E746974792E52657374456E746974795EADF9A34ADCA4C70200024C000A63726561746554696D657400104C6A6176612F7574696C2F446174653B4C000A75706461746554696D6571007E000D7872002E636F6D2E6B73682E6265616D2E636F6D6D6F6E2E626173652E656E746974792E4162737472616374456E746974790FBA12BDC01787F10200024A000B63757272656E74506167654A00087061676553697A6578720035636F6D2E62616F6D69646F752E6D796261746973706C75732E657874656E73696F6E2E6163746976657265636F72642E4D6F64656C000000000000000102000078700000000000000000000000000000000A7372000E6A6176612E7574696C2E44617465686A81014B59741903000078707708000001680B7908A0787371007E001177080000016BBFEAF1B0787400047461736B74000D2A2F35202A202A202A202A203F7372000E6A6176612E6C616E672E4C6F6E673B8BE490CC8F23DF0200014A000576616C7565787200106A6176612E6C616E672E4E756D62657286AC951D0B94E08B020000787000000000000000017400047465737470740006E6B58BE8AF95737200116A6176612E6C616E672E496E746567657212E2A0A4F781873802000149000576616C75657871007E0017000000007800);

-- ----------------------------
-- Table structure for schedule_job
-- ----------------------------
DROP TABLE IF EXISTS `schedule_job`;
CREATE TABLE `schedule_job`  (
  `id` bigint(20) NOT NULL AUTO_INCREMENT COMMENT '任务id',
  `bean_name` varchar(200) CHARACTER SET utf8 COLLATE utf8_general_ci NULL DEFAULT NULL COMMENT 'spring bean名称',
  `method_name` varchar(100) CHARACTER SET utf8 COLLATE utf8_general_ci NULL DEFAULT NULL COMMENT '方法名',
  `params` varchar(2000) CHARACTER SET utf8 COLLATE utf8_general_ci NULL DEFAULT NULL COMMENT '参数',
  `cron_expression` varchar(100) CHARACTER SET utf8 COLLATE utf8_general_ci NULL DEFAULT NULL COMMENT 'cron表达式',
  `status` tinyint(4) NULL DEFAULT NULL COMMENT '任务状态  0：正常  1：暂停',
  `remark` varchar(255) CHARACTER SET utf8 COLLATE utf8_general_ci NULL DEFAULT NULL COMMENT '备注',
  `create_time` datetime(0) NULL DEFAULT NULL COMMENT '创建时间',
  `update_time` datetime(0) NULL DEFAULT NULL COMMENT '更新时间',
  PRIMARY KEY (`id`) USING BTREE
) ENGINE = InnoDB AUTO_INCREMENT = 1080345897063223298 CHARACTER SET = utf8 COLLATE = utf8_general_ci COMMENT = '定时任务' ROW_FORMAT = Dynamic;

-- ----------------------------
-- Records of schedule_job
-- ----------------------------
INSERT INTO `schedule_job` VALUES (1, 'task', 'test', NULL, '*/5 * * * * ?', 0, '测试', '2019-01-02 06:11:48', '2019-07-05 10:16:14');

-- ----------------------------
-- Table structure for sys_config
-- ----------------------------
DROP TABLE IF EXISTS `sys_config`;
CREATE TABLE `sys_config`  (
  `id` bigint(20) NOT NULL AUTO_INCREMENT,
  `param_key` varchar(50) CHARACTER SET utf8 COLLATE utf8_general_ci NULL DEFAULT NULL COMMENT 'key',
  `param_value` varchar(2000) CHARACTER SET utf8 COLLATE utf8_general_ci NULL DEFAULT NULL COMMENT 'value',
  `status` tinyint(4) NULL DEFAULT 1 COMMENT '状态   0：隐藏   1：显示',
  `remark` varchar(500) CHARACTER SET utf8 COLLATE utf8_general_ci NULL DEFAULT NULL COMMENT '备注',
  `create_time` datetime(0) NULL DEFAULT NULL,
  `update_time` datetime(0) NULL DEFAULT NULL,
  PRIMARY KEY (`id`) USING BTREE,
  UNIQUE INDEX `param_key`(`param_key`) USING BTREE
) ENGINE = InnoDB AUTO_INCREMENT = 3 CHARACTER SET = utf8 COLLATE = utf8_general_ci COMMENT = '系统配置信息表' ROW_FORMAT = Dynamic;

-- ----------------------------
-- Records of sys_config
-- ----------------------------
INSERT INTO `sys_config` VALUES (1, 'CLOUD_STORAGE_CONFIG_KEY', '{\"qcloudRegion\":\"ap-beijing\",\"qcloudAppId\":\"1259572200\",\"qcloudBucketName\":\"mwy-1259572200\",\"qcloudDomain\":\"https://mwy-1259572200.cos.ap-beijing.myqcloud.com\",\"qcloudPrefix\":\"mwy\",\"qcloudSecretId\":\"AKIDuZ1ylk521ztauyHTyEFCsLcnskYCnW4N\",\"qcloudSecretKey\":\"DYghbggfpu6sU5aAaq66HRJkuLeqrnKl\",\"type\":2}\r\n', 1, '云存储配置信息', '2019-07-03 11:05:29', '2019-07-03 11:05:32');
INSERT INTO `sys_config` VALUES (2, 'FTP_CONFIG_KEY', '{\"ftpIp\":\"192.168.226.128\",\"ftpPort\":\"21\",\"ftpUsername\":\"uftp\",\"ftpPassword\":\"qweasdzxc\",\"imgPath\":\"img/\",\"videoPath\":\"video/\",\"coursePath\":\"course/\"}', 1, 'ftp配置信息', '2019-07-22 17:41:24', '2019-07-22 17:41:28');

-- ----------------------------
-- Table structure for sys_dept
-- ----------------------------
DROP TABLE IF EXISTS `sys_dept`;
CREATE TABLE `sys_dept`  (
  `id` bigint(20) NOT NULL AUTO_INCREMENT,
  `parent_id` bigint(20) NULL DEFAULT NULL COMMENT '部门ID，一级部门为0',
  `name` varchar(50) CHARACTER SET utf8 COLLATE utf8_general_ci NULL DEFAULT NULL COMMENT '部门名称',
  `order_num` int(11) NULL DEFAULT NULL COMMENT '排序',
  `del_flag` tinyint(4) NULL DEFAULT 0 COMMENT '是否删除  -1：已删除  0：正常',
  `create_time` datetime(0) NULL DEFAULT NULL,
  `update_time` datetime(0) NULL DEFAULT NULL,
  PRIMARY KEY (`id`) USING BTREE
) ENGINE = InnoDB AUTO_INCREMENT = 16 CHARACTER SET = utf8 COLLATE = utf8_general_ci COMMENT = '部门管理' ROW_FORMAT = Dynamic;

-- ----------------------------
-- Records of sys_dept
-- ----------------------------
INSERT INTO `sys_dept` VALUES (1, 0, '腾讯', 0, 0, '2018-12-18 21:43:48', '2019-07-16 14:10:19');
INSERT INTO `sys_dept` VALUES (2, 1, '北京分公司', 0, 0, '2018-12-22 23:28:09', '2019-07-16 14:06:55');
INSERT INTO `sys_dept` VALUES (3, 1, '上海公司', 1, 0, '2018-12-22 23:28:14', '2019-07-16 14:06:59');
INSERT INTO `sys_dept` VALUES (4, 3, '技术部', 0, 0, '2018-12-22 23:28:18', '2019-07-16 14:07:16');
INSERT INTO `sys_dept` VALUES (5, 2, '销售部', 0, 0, '2018-12-22 23:28:23', '2019-07-16 14:07:04');
INSERT INTO `sys_dept` VALUES (6, 2, '技术部', 1, 0, '2018-12-22 15:27:54', '2019-07-16 14:07:09');
INSERT INTO `sys_dept` VALUES (7, 0, '阿里巴巴责任有限公司', 1, 0, '2019-07-16 13:48:09', '2019-07-16 14:10:24');
INSERT INTO `sys_dept` VALUES (8, 7, '支付宝', 0, 0, '2019-07-16 13:49:02', '2019-07-16 14:07:43');
INSERT INTO `sys_dept` VALUES (9, 8, '花呗', 0, 0, '2019-07-16 14:07:57', '2019-07-16 14:07:57');
INSERT INTO `sys_dept` VALUES (14, 7, '淘宝', 1, 0, '2019-07-17 17:35:31', '2019-07-17 17:35:31');
INSERT INTO `sys_dept` VALUES (15, 14, '技术部', 0, 0, '2019-07-17 17:35:58', '2019-07-17 17:35:58');

-- ----------------------------
-- Table structure for sys_dict
-- ----------------------------
DROP TABLE IF EXISTS `sys_dict`;
CREATE TABLE `sys_dict`  (
  `id` bigint(20) NOT NULL AUTO_INCREMENT COMMENT '主键id',
  `pid` bigint(20) NULL DEFAULT NULL COMMENT '父级字典',
  `name` varchar(255) CHARACTER SET utf8 COLLATE utf8_general_ci NULL DEFAULT NULL COMMENT '名称',
  `des` varchar(255) CHARACTER SET utf8 COLLATE utf8_general_ci NULL DEFAULT NULL COMMENT '描述',
  `code` varchar(255) CHARACTER SET utf8 COLLATE utf8_general_ci NULL DEFAULT NULL COMMENT '编码',
  `sort` int(11) NULL DEFAULT NULL COMMENT '排序',
  `create_time` datetime(0) NULL DEFAULT NULL COMMENT '创建时间',
  `update_time` datetime(0) NULL DEFAULT NULL COMMENT '更新时间',
  PRIMARY KEY (`id`) USING BTREE
) ENGINE = InnoDB AUTO_INCREMENT = 40 CHARACTER SET = utf8 COLLATE = utf8_general_ci COMMENT = '字典表' ROW_FORMAT = Dynamic;

-- ----------------------------
-- Records of sys_dict
-- ----------------------------
INSERT INTO `sys_dict` VALUES (16, 0, '状态', '', 'frozen', 1, '2019-04-12 10:50:21', '2019-04-13 07:30:04');
INSERT INTO `sys_dict` VALUES (17, 16, '启用', NULL, '1', 1, '2019-04-12 10:50:25', '2019-04-12 10:50:28');
INSERT INTO `sys_dict` VALUES (18, 16, '禁用', NULL, '0', 2, '2019-04-12 10:50:30', '2019-04-12 10:50:33');
INSERT INTO `sys_dict` VALUES (29, 0, '性别', '', 'sex', 2, '2019-04-12 10:50:36', '2019-04-13 07:29:59');
INSERT INTO `sys_dict` VALUES (30, 29, '男', NULL, '1', 1, '2019-04-12 10:50:41', '2019-04-12 10:50:43');
INSERT INTO `sys_dict` VALUES (31, 29, '女', NULL, '2', 2, '2019-04-12 10:50:46', '2019-04-12 10:50:48');
INSERT INTO `sys_dict` VALUES (32, 0, '菜单类型', NULL, 'menu_type', 3, '2019-04-12 18:30:54', '2019-04-12 18:30:57');
INSERT INTO `sys_dict` VALUES (33, 32, '目录', NULL, '0', 1, '2019-04-12 18:31:48', '2019-04-12 18:31:50');
INSERT INTO `sys_dict` VALUES (34, 32, '菜单', NULL, '1', 2, '2019-04-12 18:32:10', '2019-04-12 18:32:12');
INSERT INTO `sys_dict` VALUES (35, 32, '按钮', NULL, '2', 3, '2019-04-12 18:32:25', '2019-04-12 18:32:28');
INSERT INTO `sys_dict` VALUES (36, 0, '定时任务状态', NULL, 'schedule_status', 4, '2019-04-13 11:49:28', '2019-04-13 11:49:30');
INSERT INTO `sys_dict` VALUES (37, 36, '正常', NULL, '1', 1, '2019-04-13 11:50:08', '2019-04-13 11:50:10');
INSERT INTO `sys_dict` VALUES (38, 36, '暂停', NULL, '0', 2, '2019-04-13 11:50:24', '2019-04-13 11:50:27');
INSERT INTO `sys_dict` VALUES (39, 0, '顶级', '顶级', NULL, 0, '2019-04-13 15:55:58', '2019-04-13 15:56:01');

-- ----------------------------
-- Table structure for sys_login_log
-- ----------------------------
DROP TABLE IF EXISTS `sys_login_log`;
CREATE TABLE `sys_login_log`  (
  `id` bigint(20) NOT NULL AUTO_INCREMENT,
  `log_name` varchar(64) CHARACTER SET utf8mb4 COLLATE utf8mb4_0900_ai_ci NULL DEFAULT NULL COMMENT '日志名称',
  `user_id` bigint(20) NULL DEFAULT NULL COMMENT '用户ID',
  `succeed` varchar(32) CHARACTER SET utf8mb4 COLLATE utf8mb4_0900_ai_ci NULL DEFAULT NULL COMMENT '是否成功',
  `message` varchar(64) CHARACTER SET utf8mb4 COLLATE utf8mb4_0900_ai_ci NULL DEFAULT NULL COMMENT '消息',
  `ip_address` varchar(64) CHARACTER SET utf8mb4 COLLATE utf8mb4_0900_ai_ci NULL DEFAULT NULL COMMENT 'ip',
  `create_time` datetime(0) NULL DEFAULT NULL COMMENT '创建时间',
  `update_time` datetime(0) NULL DEFAULT NULL COMMENT '更新时间',
  PRIMARY KEY (`id`) USING BTREE
) ENGINE = InnoDB AUTO_INCREMENT = 1150667819491475542 CHARACTER SET = utf8mb4 COLLATE = utf8mb4_0900_ai_ci COMMENT = '登陆日志' ROW_FORMAT = Dynamic;

-- ----------------------------
-- Records of sys_login_log
-- ----------------------------
INSERT INTO `sys_login_log` VALUES (1150667819491475504, '退出日志', 1, '成功', NULL, '127.0.0.1', '2019-07-19 17:18:37', '2019-07-19 17:18:37');
INSERT INTO `sys_login_log` VALUES (1150667819491475505, '登录日志', 1, '成功', NULL, '127.0.0.1', '2019-07-22 10:49:45', '2019-07-22 10:49:45');
INSERT INTO `sys_login_log` VALUES (1150667819491475506, '登录日志', 1, '成功', NULL, '127.0.0.1', '2019-07-23 09:46:46', '2019-07-23 09:46:46');
INSERT INTO `sys_login_log` VALUES (1150667819491475507, '登录日志', 1, '成功', NULL, '127.0.0.1', '2019-07-23 16:25:28', '2019-07-23 16:25:28');
INSERT INTO `sys_login_log` VALUES (1150667819491475508, '登录日志', 2, '成功', NULL, '127.0.0.1', '2019-07-23 16:27:30', '2019-07-23 16:27:30');
INSERT INTO `sys_login_log` VALUES (1150667819491475509, '登录日志', 1, '成功', NULL, '127.0.0.1', '2019-07-24 10:17:13', '2019-07-24 10:17:13');
INSERT INTO `sys_login_log` VALUES (1150667819491475510, '退出日志', 1, '成功', NULL, '127.0.0.1', '2019-07-24 10:17:25', '2019-07-24 10:17:25');
INSERT INTO `sys_login_log` VALUES (1150667819491475511, '登录日志', 1, '成功', NULL, '127.0.0.1', '2019-07-24 10:17:49', '2019-07-24 10:17:49');
INSERT INTO `sys_login_log` VALUES (1150667819491475512, '退出日志', 1, '成功', NULL, '127.0.0.1', '2019-07-24 10:49:13', '2019-07-24 10:49:13');
INSERT INTO `sys_login_log` VALUES (1150667819491475513, '登录日志', 1, '成功', NULL, '127.0.0.1', '2019-07-24 10:51:50', '2019-07-24 10:51:50');
INSERT INTO `sys_login_log` VALUES (1150667819491475514, '登录日志', 1, '成功', NULL, '127.0.0.1', '2019-07-24 10:53:45', '2019-07-24 10:53:45');
INSERT INTO `sys_login_log` VALUES (1150667819491475515, '登录日志', 1, '成功', NULL, '127.0.0.1', '2019-07-24 14:16:42', '2019-07-24 14:16:42');
INSERT INTO `sys_login_log` VALUES (1150667819491475516, '退出日志', 1, '成功', NULL, '127.0.0.1', '2019-07-24 14:36:04', '2019-07-24 14:36:04');
INSERT INTO `sys_login_log` VALUES (1150667819491475517, '登录日志', 1, '成功', NULL, '127.0.0.1', '2019-07-24 16:09:06', '2019-07-24 16:09:06');
INSERT INTO `sys_login_log` VALUES (1150667819491475518, '退出日志', 1, '成功', NULL, '127.0.0.1', '2019-07-24 16:09:50', '2019-07-24 16:09:50');
INSERT INTO `sys_login_log` VALUES (1150667819491475519, '登录日志', 1, '成功', NULL, '127.0.0.1', '2019-07-24 16:09:54', '2019-07-24 16:09:54');
INSERT INTO `sys_login_log` VALUES (1150667819491475520, '登录日志', 2, '成功', NULL, '127.0.0.1', '2019-07-24 16:11:51', '2019-07-24 16:11:51');
INSERT INTO `sys_login_log` VALUES (1150667819491475521, '登录日志', 2, '成功', NULL, '127.0.0.1', '2019-07-24 16:13:46', '2019-07-24 16:13:46');
INSERT INTO `sys_login_log` VALUES (1150667819491475522, '登录日志', 2, '成功', NULL, '127.0.0.1', '2019-07-24 16:14:04', '2019-07-24 16:14:04');
INSERT INTO `sys_login_log` VALUES (1150667819491475523, '退出日志', 1, '成功', NULL, '127.0.0.1', '2019-07-24 16:57:23', '2019-07-24 16:57:23');
INSERT INTO `sys_login_log` VALUES (1150667819491475524, '登录日志', 1, '成功', NULL, '127.0.0.1', '2019-07-24 16:57:39', '2019-07-24 16:57:39');
INSERT INTO `sys_login_log` VALUES (1150667819491475525, '退出日志', 1, '成功', NULL, '127.0.0.1', '2019-07-24 16:58:09', '2019-07-24 16:58:09');
INSERT INTO `sys_login_log` VALUES (1150667819491475526, '登录日志', 1, '成功', NULL, '127.0.0.1', '2019-07-24 16:58:15', '2019-07-24 16:58:15');
INSERT INTO `sys_login_log` VALUES (1150667819491475527, '退出日志', 1, '成功', NULL, '127.0.0.1', '2019-07-24 17:02:31', '2019-07-24 17:02:31');
INSERT INTO `sys_login_log` VALUES (1150667819491475528, '登录日志', 1, '成功', NULL, '127.0.0.1', '2019-07-24 17:19:37', '2019-07-24 17:19:37');
INSERT INTO `sys_login_log` VALUES (1150667819491475529, '退出日志', 1, '成功', NULL, '127.0.0.1', '2019-07-24 17:19:41', '2019-07-24 17:19:41');
INSERT INTO `sys_login_log` VALUES (1150667819491475530, '登录日志', 1, '成功', NULL, '127.0.0.1', '2019-07-24 17:35:07', '2019-07-24 17:35:07');
INSERT INTO `sys_login_log` VALUES (1150667819491475531, '退出日志', 1, '成功', NULL, '127.0.0.1', '2019-07-24 17:35:10', '2019-07-24 17:35:10');
INSERT INTO `sys_login_log` VALUES (1150667819491475532, '登录日志', 1, '成功', NULL, '127.0.0.1', '2019-07-24 17:35:24', '2019-07-24 17:35:24');
INSERT INTO `sys_login_log` VALUES (1150667819491475533, '退出日志', 1, '成功', NULL, '127.0.0.1', '2019-07-24 17:35:36', '2019-07-24 17:35:36');
INSERT INTO `sys_login_log` VALUES (1150667819491475534, '登录日志', 1, '成功', NULL, '127.0.0.1', '2019-07-24 17:35:45', '2019-07-24 17:35:45');
INSERT INTO `sys_login_log` VALUES (1150667819491475535, '退出日志', 1, '成功', NULL, '127.0.0.1', '2019-07-24 17:35:56', '2019-07-24 17:35:56');
INSERT INTO `sys_login_log` VALUES (1150667819491475536, '登录日志', 1, '成功', NULL, '127.0.0.1', '2019-07-25 09:20:47', '2019-07-25 09:20:47');
INSERT INTO `sys_login_log` VALUES (1150667819491475537, '退出日志', 1, '成功', NULL, '127.0.0.1', '2019-07-25 09:21:22', '2019-07-25 09:21:22');
INSERT INTO `sys_login_log` VALUES (1150667819491475538, '登录日志', 1, '成功', NULL, '127.0.0.1', '2019-07-25 10:51:01', '2019-07-25 10:51:01');
INSERT INTO `sys_login_log` VALUES (1150667819491475539, '退出日志', 1, '成功', NULL, '127.0.0.1', '2019-07-25 10:51:35', '2019-07-25 10:51:35');
INSERT INTO `sys_login_log` VALUES (1150667819491475540, '登录日志', 1, '成功', NULL, '127.0.0.1', '2019-07-25 10:51:40', '2019-07-25 10:51:40');
INSERT INTO `sys_login_log` VALUES (1150667819491475541, '登录日志', 1, '成功', NULL, '127.0.0.1', '2019-07-25 13:39:56', '2019-07-25 13:39:56');
INSERT INTO `sys_login_log` VALUES (1150667819491475542, '退出日志', 1, '成功', NULL, '127.0.0.1', '2019-07-25 15:34:47', '2019-07-25 15:34:47');
INSERT INTO `sys_login_log` VALUES (1150667819491475543, '登录日志', 1, '成功', NULL, '127.0.0.1', '2019-07-25 15:34:50', '2019-07-25 15:34:50');
INSERT INTO `sys_login_log` VALUES (1150667819491475544, '退出日志', 1, '成功', NULL, '127.0.0.1', '2019-07-25 15:53:15', '2019-07-25 15:53:15');

-- ----------------------------
-- Table structure for sys_menu
-- ----------------------------
DROP TABLE IF EXISTS `sys_menu`;
CREATE TABLE `sys_menu`  (
  `id` bigint(20) NOT NULL AUTO_INCREMENT,
  `parent_id` bigint(20) NULL DEFAULT NULL COMMENT '父菜单ID，一级菜单为0',
  `name` varchar(50) CHARACTER SET utf8 COLLATE utf8_general_ci NULL DEFAULT NULL COMMENT '菜单名称',
  `url` varchar(200) CHARACTER SET utf8 COLLATE utf8_general_ci NULL DEFAULT NULL COMMENT '菜单URL',
  `perms` varchar(500) CHARACTER SET utf8 COLLATE utf8_general_ci NULL DEFAULT NULL COMMENT '授权(多个用逗号分隔，如：user:list,user:create)',
  `type` int(11) NULL DEFAULT NULL COMMENT '类型   0：目录   1：菜单   2：按钮',
  `icon` varchar(50) CHARACTER SET utf8 COLLATE utf8_general_ci NULL DEFAULT NULL COMMENT '菜单图标',
  `order_num` int(11) NULL DEFAULT NULL COMMENT '排序',
  `create_by` bigint(20) NULL DEFAULT NULL,
  `update_by` bigint(20) NULL DEFAULT NULL,
  `create_time` datetime(0) NULL DEFAULT NULL,
  `update_time` datetime(0) NULL DEFAULT NULL,
  `del_flag` tinyint(1) NULL DEFAULT NULL,
  PRIMARY KEY (`id`) USING BTREE
) ENGINE = InnoDB AUTO_INCREMENT = 57 CHARACTER SET = utf8 COLLATE = utf8_general_ci COMMENT = '菜单管理' ROW_FORMAT = Dynamic;

-- ----------------------------
-- Records of sys_menu
-- ----------------------------
INSERT INTO `sys_menu` VALUES (1, 0, '系统首页', 'dashboard', 'sys:dashboard:info', 1, 'el-icon-lx-home', 0, 1, 1, '2018-12-06 14:54:07', '2018-12-06 14:54:09', 0);
INSERT INTO `sys_menu` VALUES (2, 0, '系统管理', 'sys', NULL, 0, 'el-icon-lx-settings', 15, 1, 1, '2018-12-10 17:52:34', '2018-12-10 17:52:37', 0);
INSERT INTO `sys_menu` VALUES (3, 2, '用户管理', 'sysuser', 'sys:user:list', 1, NULL, 16, 1, 1, '2018-12-10 18:28:59', '2019-01-02 10:38:09', 0);
INSERT INTO `sys_menu` VALUES (4, 2, '角色管理', 'sysrole', 'sys:role:list', 1, NULL, 17, 1, 1, '2018-12-10 18:35:34', '2019-01-03 01:33:09', 0);
INSERT INTO `sys_menu` VALUES (5, 2, '菜单管理', 'sysmenu', 'sys:menu:list', 1, NULL, 18, 1, 1, '2018-12-10 18:36:16', '2019-01-03 01:39:01', 0);
INSERT INTO `sys_menu` VALUES (6, 2, '企业管理', 'sysdept', 'sys:dept:list', 1, NULL, 19, 1, 1, '2018-12-10 18:37:20', '2019-01-03 01:41:49', 0);
INSERT INTO `sys_menu` VALUES (7, 2, '定时任务', 'schedulejob', 'sys:schedule:list', 1, NULL, 21, 1, 1, '2018-12-10 18:39:14', '2019-01-03 01:42:33', 0);
INSERT INTO `sys_menu` VALUES (8, 2, '字典管理', 'sysdict', 'sys:dict:list', 1, NULL, 24, NULL, NULL, '2019-04-13 07:10:28', '2019-04-15 07:18:41', 0);
INSERT INTO `sys_menu` VALUES (10, 2, '登陆日志', 'loginlog', 'sys:loginLog:list', 1, NULL, 22, NULL, NULL, '2019-04-12 07:26:22', '2019-04-15 07:14:49', 0);
INSERT INTO `sys_menu` VALUES (11, 2, '操作日志', 'operationlog', 'sys:operationLog:list', 1, NULL, 23, NULL, NULL, '2019-04-12 08:07:19', '2019-04-15 07:18:14', 0);
INSERT INTO `sys_menu` VALUES (12, 3, '新增', 'sys/user/add', 'sys:user:add', 2, NULL, 1, NULL, NULL, '2019-01-02 10:35:57', '2019-06-27 17:35:21', 0);
INSERT INTO `sys_menu` VALUES (13, 3, '删除', 'sys/user/del', 'sys:user:del', 2, NULL, 3, NULL, NULL, '2019-01-02 10:38:50', '2019-06-27 17:34:58', 0);
INSERT INTO `sys_menu` VALUES (14, 3, '重置密码', 'sys/user/reset/password', 'sys:user:resetPassword', 2, NULL, 4, NULL, NULL, '2019-01-03 01:26:19', '2019-06-27 17:34:47', 0);
INSERT INTO `sys_menu` VALUES (15, 3, '修改密码', 'sys/user/change/password', 'sys:user:changePassword', 2, NULL, 5, NULL, NULL, '2019-01-03 01:27:06', '2019-06-27 17:34:38', 0);
INSERT INTO `sys_menu` VALUES (16, 3, '编辑', 'sys/user/edit', 'sys:user:edit', 2, NULL, 2, NULL, NULL, '2019-06-27 17:36:01', '2019-06-27 17:36:01', 0);
INSERT INTO `sys_menu` VALUES (17, 3, '清除缓存', 'sys/user/clearCache', 'sys:user:clearCache', 2, NULL, 6, NULL, NULL, '2019-06-28 10:51:11', '2019-06-28 10:51:37', 0);
INSERT INTO `sys_menu` VALUES (18, 4, '新增', 'sys/role/add', 'sys:role:add', 2, NULL, 1, NULL, NULL, '2019-01-03 01:30:55', '2019-06-27 17:37:17', 0);
INSERT INTO `sys_menu` VALUES (19, 4, '删除', 'sys/role/del', 'sys:role:del', 2, NULL, 3, NULL, NULL, '2019-01-03 01:31:49', '2019-06-27 17:36:30', 0);
INSERT INTO `sys_menu` VALUES (20, 4, '权限配置', 'sys/role/configPerm', 'sys:role:configPerm', 2, NULL, 4, NULL, NULL, '2019-01-03 01:32:42', '2019-06-27 17:36:22', 0);
INSERT INTO `sys_menu` VALUES (21, 4, '编辑', 'sys/role/edit', 'sys:role:edit', 2, NULL, 2, NULL, NULL, '2019-06-27 17:37:02', '2019-06-27 17:37:02', 0);
INSERT INTO `sys_menu` VALUES (22, 5, '新增', 'sys/menu/add', 'sys:menu:add', 2, NULL, 1, NULL, NULL, '2019-01-03 01:37:40', '2019-06-27 17:37:53', 0);
INSERT INTO `sys_menu` VALUES (23, 5, '删除', 'sys/menu/del', 'sys:menu:del', 2, NULL, 2, NULL, NULL, '2019-01-03 01:38:13', '2019-04-15 07:22:48', 0);
INSERT INTO `sys_menu` VALUES (24, 5, '编辑', 'sys/menu/edit', 'sys:menu:edit', 2, NULL, 3, NULL, NULL, '2019-01-03 01:38:47', '2019-04-15 07:22:54', 0);
INSERT INTO `sys_menu` VALUES (25, 6, '编辑', 'sys/dept/edit', 'sys:dept:edit', 2, NULL, 3, NULL, NULL, '2019-01-03 01:41:23', '2019-04-15 07:23:13', 0);
INSERT INTO `sys_menu` VALUES (26, 6, '新增', 'sys/dept/add', 'sys:dept:add', 2, NULL, 1, NULL, NULL, '2019-01-03 01:39:55', '2019-07-15 11:14:21', 0);
INSERT INTO `sys_menu` VALUES (27, 6, '删除', 'sys/dept/del', 'sys:dept:del', 2, NULL, 2, NULL, NULL, '2019-01-03 01:40:57', '2019-04-15 07:23:07', 0);
INSERT INTO `sys_menu` VALUES (28, 7, '删除', 'sys/schedule/del', 'sys:schedule:del', 2, NULL, 3, NULL, NULL, '2019-01-03 01:44:42', '2019-04-15 07:23:44', 0);
INSERT INTO `sys_menu` VALUES (29, 7, '新增', 'sys/schedule/add', 'sys:schedule:add', 2, NULL, 1, NULL, NULL, '2019-01-03 01:43:30', '2019-04-15 07:23:35', 0);
INSERT INTO `sys_menu` VALUES (30, 7, '修改', 'sys/schedule/edit', 'sys:schedule:edit', 2, NULL, 2, NULL, NULL, '2019-01-03 01:44:03', '2019-04-15 07:23:28', 0);
INSERT INTO `sys_menu` VALUES (31, 7, '运行一次', 'sys/schedule/run', 'sys:schedule:run', 2, NULL, 4, NULL, NULL, '2019-06-28 10:36:50', '2019-06-28 10:36:50', 0);
INSERT INTO `sys_menu` VALUES (32, 7, '停止', 'sys/schedule/pause', 'sys:schedule:pause', 2, NULL, 5, NULL, NULL, '2019-06-28 10:37:31', '2019-06-28 10:37:31', 0);
INSERT INTO `sys_menu` VALUES (33, 7, '恢复', 'sys/schedule/resume', 'sys:schedule:resume', 2, NULL, 6, NULL, NULL, '2019-06-28 10:38:07', '2019-06-28 10:38:07', 0);
INSERT INTO `sys_menu` VALUES (34, 10, '清空日志', 'sys/loginLog/clear', 'sys:loginLog:clear', 2, NULL, 1, NULL, NULL, '2019-04-15 07:25:37', '2019-04-15 07:25:37', 0);
INSERT INTO `sys_menu` VALUES (35, 11, '清空日志', 'sys/operationLog/clear', 'sys:operationLog:clear', 2, NULL, 2, NULL, NULL, '2019-04-15 07:27:08', '2019-04-15 07:27:08', 0);
INSERT INTO `sys_menu` VALUES (36, 8, '查看字典', 'sys/dict/info', 'sys:dict:info', 2, NULL, 4, NULL, NULL, '2019-06-28 10:45:47', '2019-06-28 10:45:47', 0);
INSERT INTO `sys_menu` VALUES (37, 8, '新增', 'sys/dict/add', 'sys:dict:add', 2, NULL, 1, NULL, NULL, '2019-04-15 07:19:26', '2019-04-15 07:24:11', 0);
INSERT INTO `sys_menu` VALUES (38, 8, '删除', 'sys/dict/delete', 'sys:dict:del', 2, NULL, 2, NULL, NULL, '2019-04-15 07:20:14', '2019-04-15 07:24:16', 0);
INSERT INTO `sys_menu` VALUES (39, 8, '编辑', 'sys/dict/edit', 'sys:dict:edit', 2, NULL, 3, NULL, NULL, '2019-06-28 10:44:41', '2019-06-28 10:44:41', 0);
INSERT INTO `sys_menu` VALUES (40, 0, '会议管理', 'meeting', '', 0, 'el-icon-notebook-1', 30, NULL, NULL, '2019-06-17 14:07:41', '2019-07-17 13:39:53', 0);
INSERT INTO `sys_menu` VALUES (41, 40, '会议列表', 'meetinglist', 'meeting:list', 1, NULL, 31, NULL, NULL, '2019-06-19 16:21:49', '2019-06-19 16:22:13', 0);
INSERT INTO `sys_menu` VALUES (42, 40, '会议课件', 'meetingcourse', 'meeting:course:list', 1, NULL, 32, NULL, NULL, '2019-06-28 16:52:43', '2019-06-28 16:58:29', 0);
INSERT INTO `sys_menu` VALUES (43, 40, '会议场所', 'meetingplace', 'meeting:place:list', 1, NULL, 33, NULL, NULL, '2019-06-28 16:56:22', '2019-06-28 16:56:22', 0);
INSERT INTO `sys_menu` VALUES (44, 40, '会议问卷', 'meetingquestion', 'meeting:question:list', 1, NULL, 34, NULL, NULL, '2019-06-28 16:58:06', '2019-06-28 16:58:06', 0);
INSERT INTO `sys_menu` VALUES (45, 41, '导出', 'meeting/list/export', 'meeting:list:export', 2, NULL, 1, NULL, NULL, '2019-06-27 15:46:49', '2019-07-11 11:00:23', 0);
INSERT INTO `sys_menu` VALUES (46, 41, '查看', 'meeting/list/info', 'meeting:list:info', 2, NULL, 2, NULL, NULL, '2019-06-27 15:59:08', '2019-07-11 11:00:28', 0);
INSERT INTO `sys_menu` VALUES (47, 42, '上传', 'meeting/course/ftpUpload', 'meeting:course:ftpUpload', 2, NULL, 1, NULL, NULL, '2019-07-11 10:59:30', '2019-07-11 10:59:58', 0);
INSERT INTO `sys_menu` VALUES (48, 42, '下载', 'meeting/course/download', 'meeting:course:download', 2, NULL, 2, NULL, NULL, '2019-07-11 13:27:44', '2019-07-11 13:27:44', 0);
INSERT INTO `sys_menu` VALUES (49, 42, '删除', 'meeting/course/del', 'meeting:course:del', 2, NULL, 3, NULL, NULL, '2019-07-11 13:28:18', '2019-07-11 13:28:18', 0);
INSERT INTO `sys_menu` VALUES (50, 0, '医生管理', 'docker', NULL, 0, 'el-icon-first-aid-kit', 40, NULL, NULL, '2019-06-28 17:31:58', '2019-07-17 13:40:00', 0);
INSERT INTO `sys_menu` VALUES (51, 50, '医生列表', 'dockerlist', 'docker:list', 1, NULL, 41, NULL, NULL, '2019-06-28 17:33:54', '2019-06-28 17:33:54', 0);
INSERT INTO `sys_menu` VALUES (52, 50, '医院列表', 'hospitallist', 'hospital:list', 1, NULL, 42, NULL, NULL, '2019-06-28 17:34:48', '2019-06-28 17:34:48', 0);

-- ----------------------------
-- Table structure for sys_operation_log
-- ----------------------------
DROP TABLE IF EXISTS `sys_operation_log`;
CREATE TABLE `sys_operation_log`  (
  `id` bigint(20) NOT NULL AUTO_INCREMENT,
  `log_type` varchar(32) CHARACTER SET utf8mb4 COLLATE utf8mb4_0900_ai_ci NULL DEFAULT NULL COMMENT '日志类型',
  `log_name` varchar(64) CHARACTER SET utf8mb4 COLLATE utf8mb4_0900_ai_ci NULL DEFAULT NULL COMMENT '日志名称',
  `user_id` bigint(20) NULL DEFAULT NULL COMMENT '用户ID',
  `class_name` varchar(255) CHARACTER SET utf8mb4 COLLATE utf8mb4_0900_ai_ci NULL DEFAULT NULL COMMENT '类名称',
  `method` varchar(255) CHARACTER SET utf8mb4 COLLATE utf8mb4_0900_ai_ci NULL DEFAULT NULL COMMENT '方法名称',
  `succeed` varchar(32) CHARACTER SET utf8mb4 COLLATE utf8mb4_0900_ai_ci NULL DEFAULT NULL COMMENT '是否成功',
  `message` text CHARACTER SET utf8mb4 COLLATE utf8mb4_0900_ai_ci NULL COMMENT '备注',
  `create_time` datetime(0) NULL DEFAULT NULL COMMENT '创建时间',
  `update_time` datetime(0) NULL DEFAULT NULL COMMENT '更新时间',
  `execute_time` varchar(32) CHARACTER SET utf8mb4 COLLATE utf8mb4_0900_ai_ci NULL DEFAULT NULL COMMENT '执行时间(毫秒)',
  PRIMARY KEY (`id`) USING BTREE
) ENGINE = InnoDB AUTO_INCREMENT = 1150601874915967331 CHARACTER SET = utf8mb4 COLLATE = utf8mb4_0900_ai_ci COMMENT = '操作日志' ROW_FORMAT = Dynamic;

-- ----------------------------
-- Records of sys_operation_log
-- ----------------------------
INSERT INTO `sys_operation_log` VALUES (1150601874915967174, '操作日志', '会议列表分页', 1, 'com.ksh.beam.system.controller.meeting.ListController', 'pageList', '成功', '{\"currentPage\":1,\"pageSize\":10}', '2019-07-19 17:18:28', '2019-07-19 17:18:28', '32');
INSERT INTO `sys_operation_log` VALUES (1150601874915967175, '操作日志', '会议课件分页', 1, 'com.ksh.beam.system.controller.meeting.CourseController', 'pageList', '成功', '{\"currentPage\":1,\"pageSize\":5}', '2019-07-22 10:50:10', '2019-07-22 10:50:10', '244');
INSERT INTO `sys_operation_log` VALUES (1150601874915967176, '操作日志', '会议课件上传', 1, 'com.ksh.beam.system.controller.meeting.CourseController', 'ftpUploadFile', '成功', '{\"part\":{\"fileItem\":{\"fieldName\":\"file\",\"contentType\":\"image/jpeg\",\"isFormField\":false,\"fileName\":\"空洞骑士 (2).jpg\",\"size\":-1,\"sizeThreshold\":0,\"repository\":{\"path\":\"C:\\\\Users\\\\Dell\\\\AppData\\\\Local\\\\Temp\\\\tomcat.2056029793665529764.8080\\\\work\\\\Tomcat\\\\localhost\\\\beam_ht\"},\"headers\":{\"headerNameToValueListMap\":{\"content-disposition\":[\"form-data; name\\u003d\\\"file\\\"; filename\\u003d\\\"空洞骑士 (2).jpg\\\"\"],\"content-type\":[\"image/jpeg\"]}},\"defaultCharset\":\"ISO-8859-1\"},\"location\":{\"path\":\"C:\\\\Users\\\\Dell\\\\AppData\\\\Local\\\\Temp\\\\tomcat.2056029793665529764.8080\\\\work\\\\Tomcat\\\\localhost\\\\beam_ht\"}},\"filename\":\"空洞骑士 (2).jpg\"}', '2019-07-22 10:58:52', '2019-07-22 10:58:52', '5957');
INSERT INTO `sys_operation_log` VALUES (1150601874915967177, '操作日志', '会议课件分页', 1, 'com.ksh.beam.system.controller.meeting.CourseController', 'pageList', '成功', '{\"currentPage\":1,\"pageSize\":5}', '2019-07-22 10:58:54', '2019-07-22 10:58:54', '494');
INSERT INTO `sys_operation_log` VALUES (1150601874915967178, '操作日志', '会议课件删除', 1, 'com.ksh.beam.system.controller.meeting.CourseController', 'del', '成功', '[83]', '2019-07-22 11:00:22', '2019-07-22 11:00:22', '916');
INSERT INTO `sys_operation_log` VALUES (1150601874915967179, '操作日志', '会议课件分页', 1, 'com.ksh.beam.system.controller.meeting.CourseController', 'pageList', '成功', '{\"currentPage\":1,\"pageSize\":5}', '2019-07-22 11:00:22', '2019-07-22 11:00:22', '46');
INSERT INTO `sys_operation_log` VALUES (1150601874915967180, '操作日志', '会议课件上传', 1, 'com.ksh.beam.system.controller.meeting.CourseController', 'ftpUploadFile', '成功', '{\"part\":{\"fileItem\":{\"fieldName\":\"file\",\"contentType\":\"image/jpeg\",\"isFormField\":false,\"fileName\":\"w (1).jpg\",\"size\":-1,\"sizeThreshold\":0,\"repository\":{\"path\":\"C:\\\\Users\\\\Dell\\\\AppData\\\\Local\\\\Temp\\\\tomcat.2056029793665529764.8080\\\\work\\\\Tomcat\\\\localhost\\\\beam_ht\"},\"headers\":{\"headerNameToValueListMap\":{\"content-disposition\":[\"form-data; name\\u003d\\\"file\\\"; filename\\u003d\\\"w (1).jpg\\\"\"],\"content-type\":[\"image/jpeg\"]}},\"defaultCharset\":\"ISO-8859-1\"},\"location\":{\"path\":\"C:\\\\Users\\\\Dell\\\\AppData\\\\Local\\\\Temp\\\\tomcat.2056029793665529764.8080\\\\work\\\\Tomcat\\\\localhost\\\\beam_ht\"}},\"filename\":\"w (1).jpg\"}', '2019-07-22 11:01:59', '2019-07-22 11:01:59', '7485');
INSERT INTO `sys_operation_log` VALUES (1150601874915967181, '操作日志', '会议课件分页', 1, 'com.ksh.beam.system.controller.meeting.CourseController', 'pageList', '成功', '{\"currentPage\":1,\"pageSize\":5}', '2019-07-22 11:02:00', '2019-07-22 11:02:00', '145');
INSERT INTO `sys_operation_log` VALUES (1150601874915967182, '操作日志', '会议课件下载', 1, 'com.ksh.beam.system.controller.meeting.CourseController', 'download', '成功', '84', '2019-07-22 11:02:13', '2019-07-22 11:02:13', '154');
INSERT INTO `sys_operation_log` VALUES (1150601874915967183, '操作日志', '会议课件下载', 1, 'com.ksh.beam.system.controller.meeting.CourseController', 'download', '成功', '84', '2019-07-22 11:15:50', '2019-07-22 11:15:50', '77876');
INSERT INTO `sys_operation_log` VALUES (1150601874915967184, '操作日志', '会议课件分页', 1, 'com.ksh.beam.system.controller.meeting.CourseController', 'pageList', '成功', '{\"currentPage\":1,\"pageSize\":5}', '2019-07-22 11:15:52', '2019-07-22 11:15:52', '170');
INSERT INTO `sys_operation_log` VALUES (1150601874915967185, '操作日志', '会议课件下载', 1, 'com.ksh.beam.system.controller.meeting.CourseController', 'download', '成功', '84', '2019-07-22 11:15:57', '2019-07-22 11:15:57', '78');
INSERT INTO `sys_operation_log` VALUES (1150601874915967186, '操作日志', '会议课件下载', 1, 'com.ksh.beam.system.controller.meeting.CourseController', 'download', '成功', '84', '2019-07-22 11:25:17', '2019-07-22 11:25:17', '77363');
INSERT INTO `sys_operation_log` VALUES (1150601874915967187, '操作日志', '会议课件分页', 1, 'com.ksh.beam.system.controller.meeting.CourseController', 'pageList', '成功', '{\"currentPage\":1,\"pageSize\":5}', '2019-07-22 11:25:23', '2019-07-22 11:25:23', '235');
INSERT INTO `sys_operation_log` VALUES (1150601874915967188, '操作日志', '会议课件分页', 1, 'com.ksh.beam.system.controller.meeting.CourseController', 'pageList', '成功', '{\"currentPage\":1,\"pageSize\":5}', '2019-07-22 11:27:57', '2019-07-22 11:27:57', '149');
INSERT INTO `sys_operation_log` VALUES (1150601874915967189, '操作日志', '会议课件下载', 1, 'com.ksh.beam.system.controller.meeting.CourseController', 'download', '成功', '84', '2019-07-22 11:29:00', '2019-07-22 11:29:00', '58382');
INSERT INTO `sys_operation_log` VALUES (1150601874915967190, '操作日志', '会议课件下载', 1, 'com.ksh.beam.system.controller.meeting.CourseController', 'download', '成功', '84', '2019-07-22 11:29:00', '2019-07-22 11:29:00', '209992');
INSERT INTO `sys_operation_log` VALUES (1150601874915967191, '操作日志', '会议课件分页', 1, 'com.ksh.beam.system.controller.meeting.CourseController', 'pageList', '成功', '{\"currentPage\":1,\"pageSize\":5}', '2019-07-22 11:31:29', '2019-07-22 11:31:29', '535');
INSERT INTO `sys_operation_log` VALUES (1150601874915967192, '操作日志', '会议课件下载', 1, 'com.ksh.beam.system.controller.meeting.CourseController', 'download', '成功', '84', '2019-07-22 11:41:32', '2019-07-22 11:41:32', '600185');
INSERT INTO `sys_operation_log` VALUES (1150601874915967193, '操作日志', '会议课件分页', 1, 'com.ksh.beam.system.controller.meeting.CourseController', 'pageList', '成功', '{\"currentPage\":1,\"pageSize\":5}', '2019-07-22 12:18:06', '2019-07-22 12:18:06', '186');
INSERT INTO `sys_operation_log` VALUES (1150601874915967194, '操作日志', '会议课件下载', 1, 'com.ksh.beam.system.controller.meeting.CourseController', 'download', '成功', '84', '2019-07-22 12:18:10', '2019-07-22 12:18:10', '91');
INSERT INTO `sys_operation_log` VALUES (1150601874915967195, '操作日志', '会议课件下载', 1, 'com.ksh.beam.system.controller.meeting.CourseController', 'download', '成功', '84', '2019-07-22 12:18:47', '2019-07-22 12:18:47', '55');
INSERT INTO `sys_operation_log` VALUES (1150601874915967196, '操作日志', '会议课件下载', 1, 'com.ksh.beam.system.controller.meeting.CourseController', 'download', '成功', '84', '2019-07-22 12:18:55', '2019-07-22 12:18:55', '53');
INSERT INTO `sys_operation_log` VALUES (1150601874915967197, '操作日志', '会议课件下载', 1, 'com.ksh.beam.system.controller.meeting.CourseController', 'download', '成功', '84', '2019-07-22 12:19:32', '2019-07-22 12:19:32', '219');
INSERT INTO `sys_operation_log` VALUES (1150601874915967198, '操作日志', '会议课件下载', 1, 'com.ksh.beam.system.controller.meeting.CourseController', 'download', '成功', '84', '2019-07-22 12:20:48', '2019-07-22 12:20:48', '170');
INSERT INTO `sys_operation_log` VALUES (1150601874915967199, '操作日志', '会议课件下载', 1, 'com.ksh.beam.system.controller.meeting.CourseController', 'download', '成功', '84', '2019-07-22 12:22:15', '2019-07-22 12:22:15', '116');
INSERT INTO `sys_operation_log` VALUES (1150601874915967200, '操作日志', '会议课件分页', 1, 'com.ksh.beam.system.controller.meeting.CourseController', 'pageList', '成功', '{\"currentPage\":1,\"pageSize\":5}', '2019-07-22 12:22:46', '2019-07-22 12:22:46', '249');
INSERT INTO `sys_operation_log` VALUES (1150601874915967201, '操作日志', '会议课件下载', 1, 'com.ksh.beam.system.controller.meeting.CourseController', 'download', '成功', '84', '2019-07-22 12:23:46', '2019-07-22 12:23:46', '22713');
INSERT INTO `sys_operation_log` VALUES (1150601874915967202, '操作日志', '会议课件下载', 1, 'com.ksh.beam.system.controller.meeting.CourseController', 'download', '成功', '84', '2019-07-22 12:25:23', '2019-07-22 12:25:23', '13629');
INSERT INTO `sys_operation_log` VALUES (1150601874915967203, '操作日志', '会议课件下载', 1, 'com.ksh.beam.system.controller.meeting.CourseController', 'download', '成功', '84', '2019-07-22 12:25:44', '2019-07-22 12:25:44', '17635');
INSERT INTO `sys_operation_log` VALUES (1150601874915967204, '操作日志', '会议课件下载', 1, 'com.ksh.beam.system.controller.meeting.CourseController', 'download', '成功', '84', '2019-07-22 12:37:20', '2019-07-22 12:37:20', '14792');
INSERT INTO `sys_operation_log` VALUES (1150601874915967205, '操作日志', '会议课件分页', 1, 'com.ksh.beam.system.controller.meeting.CourseController', 'pageList', '成功', '{\"currentPage\":1,\"pageSize\":5}', '2019-07-22 12:38:06', '2019-07-22 12:38:06', '1225');
INSERT INTO `sys_operation_log` VALUES (1150601874915967206, '操作日志', '会议课件分页', 1, 'com.ksh.beam.system.controller.meeting.CourseController', 'pageList', '成功', '{\"currentPage\":1,\"pageSize\":5}', '2019-07-22 12:43:05', '2019-07-22 12:43:05', '344');
INSERT INTO `sys_operation_log` VALUES (1150601874915967207, '操作日志', '会议课件分页', 1, 'com.ksh.beam.system.controller.meeting.CourseController', 'pageList', '成功', '{\"currentPage\":1,\"pageSize\":5}', '2019-07-22 12:45:56', '2019-07-22 12:45:56', '644');
INSERT INTO `sys_operation_log` VALUES (1150601874915967208, '操作日志', '会议课件分页', 1, 'com.ksh.beam.system.controller.meeting.CourseController', 'pageList', '成功', '{\"currentPage\":1,\"pageSize\":5}', '2019-07-22 12:50:11', '2019-07-22 12:50:11', '241');
INSERT INTO `sys_operation_log` VALUES (1150601874915967209, '操作日志', '会议课件分页', 1, 'com.ksh.beam.system.controller.meeting.CourseController', 'pageList', '成功', '{\"currentPage\":1,\"pageSize\":5}', '2019-07-22 12:52:34', '2019-07-22 12:52:34', '429');
INSERT INTO `sys_operation_log` VALUES (1150601874915967210, '操作日志', '会议课件分页', 1, 'com.ksh.beam.system.controller.meeting.CourseController', 'pageList', '成功', '{\"currentPage\":1,\"pageSize\":5}', '2019-07-22 12:53:58', '2019-07-22 12:53:58', '167');
INSERT INTO `sys_operation_log` VALUES (1150601874915967211, '操作日志', '会议列表分页', 1, 'com.ksh.beam.system.controller.meeting.ListController', 'pageList', '成功', '{\"currentPage\":1,\"pageSize\":10}', '2019-07-22 12:54:31', '2019-07-22 12:54:31', '451');
INSERT INTO `sys_operation_log` VALUES (1150601874915967212, '操作日志', '会议列表导出', 1, 'com.ksh.beam.system.controller.meeting.ListController', 'exportExcel', '成功', '{\"currentPage\":1,\"pageSize\":10}', '2019-07-22 12:54:33', '2019-07-22 12:54:33', '1303');
INSERT INTO `sys_operation_log` VALUES (1150601874915967213, '操作日志', '会议课件分页', 1, 'com.ksh.beam.system.controller.meeting.CourseController', 'pageList', '成功', '{\"currentPage\":1,\"pageSize\":5}', '2019-07-22 12:54:39', '2019-07-22 12:54:39', '32');
INSERT INTO `sys_operation_log` VALUES (1150601874915967214, '操作日志', '会议课件分页', 1, 'com.ksh.beam.system.controller.meeting.CourseController', 'pageList', '成功', '{\"currentPage\":1,\"pageSize\":5}', '2019-07-22 13:00:14', '2019-07-22 13:00:14', '692');
INSERT INTO `sys_operation_log` VALUES (1150601874915967215, '操作日志', '会议课件分页', 1, 'com.ksh.beam.system.controller.meeting.CourseController', 'pageList', '成功', '{\"currentPage\":1,\"pageSize\":5}', '2019-07-22 13:36:55', '2019-07-22 13:36:55', '255');
INSERT INTO `sys_operation_log` VALUES (1150601874915967216, '操作日志', '会议列表分页', 1, 'com.ksh.beam.system.controller.meeting.ListController', 'pageList', '成功', '{\"currentPage\":1,\"pageSize\":10}', '2019-07-22 13:37:18', '2019-07-22 13:37:18', '436');
INSERT INTO `sys_operation_log` VALUES (1150601874915967217, '操作日志', '会议课件分页', 1, 'com.ksh.beam.system.controller.meeting.CourseController', 'pageList', '成功', '{\"currentPage\":1,\"pageSize\":5}', '2019-07-22 13:37:23', '2019-07-22 13:37:23', '62');
INSERT INTO `sys_operation_log` VALUES (1150601874915967218, '操作日志', '会议课件分页', 1, 'com.ksh.beam.system.controller.meeting.CourseController', 'pageList', '成功', '{\"currentPage\":1,\"pageSize\":5}', '2019-07-22 13:38:14', '2019-07-22 13:38:14', '491');
INSERT INTO `sys_operation_log` VALUES (1150601874915967219, '异常日志', '', 1, NULL, NULL, '失败', 'Transaction rolled back because it has been marked as rollback-only', '2019-07-22 13:38:51', '2019-07-22 13:38:51', 'null');
INSERT INTO `sys_operation_log` VALUES (1150601874915967220, '操作日志', '会议课件下载', 1, 'com.ksh.beam.system.controller.meeting.CourseController', 'download', '成功', '84', '2019-07-22 13:39:37', '2019-07-22 13:39:37', '159135');
INSERT INTO `sys_operation_log` VALUES (1150601874915967221, '操作日志', '会议列表分页', 1, 'com.ksh.beam.system.controller.meeting.ListController', 'pageList', '成功', '{\"currentPage\":1,\"pageSize\":10}', '2019-07-22 13:52:20', '2019-07-22 13:52:20', '510');
INSERT INTO `sys_operation_log` VALUES (1150601874915967222, '操作日志', '会议课件分页', 1, 'com.ksh.beam.system.controller.meeting.CourseController', 'pageList', '成功', '{\"currentPage\":1,\"pageSize\":5}', '2019-07-22 13:52:20', '2019-07-22 13:52:20', '510');
INSERT INTO `sys_operation_log` VALUES (1150601874915967223, '操作日志', '会议课件分页', 1, 'com.ksh.beam.system.controller.meeting.CourseController', 'pageList', '成功', '{\"currentPage\":1,\"pageSize\":5}', '2019-07-22 13:53:09', '2019-07-22 13:53:09', '258');
INSERT INTO `sys_operation_log` VALUES (1150601874915967224, '操作日志', '会议课件下载', 1, 'com.ksh.beam.system.controller.meeting.CourseController', 'download', '成功', '84', '2019-07-22 13:57:28', '2019-07-22 13:57:28', '300431');
INSERT INTO `sys_operation_log` VALUES (1150601874915967225, '操作日志', '会议课件上传', 1, 'com.ksh.beam.system.controller.meeting.CourseController', 'ftpUploadFile', '成功', '{\"part\":{\"fileItem\":{\"fieldName\":\"file\",\"contentType\":\"image/jpeg\",\"isFormField\":false,\"fileName\":\"w (4).jpg\",\"size\":-1,\"sizeThreshold\":0,\"repository\":{\"path\":\"C:\\\\Users\\\\Dell\\\\AppData\\\\Local\\\\Temp\\\\tomcat.2589400072591674106.8080\\\\work\\\\Tomcat\\\\localhost\\\\beam_ht\"},\"headers\":{\"headerNameToValueListMap\":{\"content-disposition\":[\"form-data; name\\u003d\\\"file\\\"; filename\\u003d\\\"w (4).jpg\\\"\"],\"content-type\":[\"image/jpeg\"]}},\"defaultCharset\":\"ISO-8859-1\"},\"location\":{\"path\":\"C:\\\\Users\\\\Dell\\\\AppData\\\\Local\\\\Temp\\\\tomcat.2589400072591674106.8080\\\\work\\\\Tomcat\\\\localhost\\\\beam_ht\"}},\"filename\":\"w (4).jpg\"}', '2019-07-22 14:00:14', '2019-07-22 14:00:14', '1270');
INSERT INTO `sys_operation_log` VALUES (1150601874915967226, '操作日志', '会议课件分页', 1, 'com.ksh.beam.system.controller.meeting.CourseController', 'pageList', '成功', '{\"currentPage\":1,\"pageSize\":5}', '2019-07-22 14:00:14', '2019-07-22 14:00:14', '95');
INSERT INTO `sys_operation_log` VALUES (1150601874915967227, '操作日志', '会议课件分页', 1, 'com.ksh.beam.system.controller.meeting.CourseController', 'pageList', '成功', '{\"currentPage\":1,\"pageSize\":5}', '2019-07-22 14:22:50', '2019-07-22 14:22:50', '1146');
INSERT INTO `sys_operation_log` VALUES (1150601874915967228, '操作日志', '会议课件下载', 1, 'com.ksh.beam.system.controller.meeting.CourseController', 'download', '成功', '84', '2019-07-22 14:23:16', '2019-07-22 14:23:16', '655');
INSERT INTO `sys_operation_log` VALUES (1150601874915967229, '操作日志', '会议课件下载', 1, 'com.ksh.beam.system.controller.meeting.CourseController', 'download', '成功', '85', '2019-07-22 14:23:20', '2019-07-22 14:23:20', '275000');
INSERT INTO `sys_operation_log` VALUES (1150601874915967230, '操作日志', '会议课件分页', 1, 'com.ksh.beam.system.controller.meeting.CourseController', 'pageList', '成功', '{\"currentPage\":1,\"pageSize\":5}', '2019-07-22 14:27:03', '2019-07-22 14:27:03', '556');
INSERT INTO `sys_operation_log` VALUES (1150601874915967231, '操作日志', '会议课件下载', 1, 'com.ksh.beam.system.controller.meeting.CourseController', 'download', '成功', '84', '2019-07-22 14:27:03', '2019-07-22 14:27:03', '978');
INSERT INTO `sys_operation_log` VALUES (1150601874915967232, '操作日志', '会议课件下载', 1, 'com.ksh.beam.system.controller.meeting.CourseController', 'download', '成功', '85', '2019-07-22 14:27:20', '2019-07-22 14:27:20', '166');
INSERT INTO `sys_operation_log` VALUES (1150601874915967233, '操作日志', '会议课件下载', 1, 'com.ksh.beam.system.controller.meeting.CourseController', 'download', '成功', '85', '2019-07-22 14:29:02', '2019-07-22 14:29:02', '246');
INSERT INTO `sys_operation_log` VALUES (1150601874915967234, '操作日志', '会议课件下载', 1, 'com.ksh.beam.system.controller.meeting.CourseController', 'download', '成功', '85', '2019-07-22 14:29:35', '2019-07-22 14:29:35', '109');
INSERT INTO `sys_operation_log` VALUES (1150601874915967235, '操作日志', '会议课件分页', 1, 'com.ksh.beam.system.controller.meeting.CourseController', 'pageList', '成功', '{\"currentPage\":1,\"pageSize\":5}', '2019-07-22 14:30:21', '2019-07-22 14:30:21', '369');
INSERT INTO `sys_operation_log` VALUES (1150601874915967236, '操作日志', '会议课件下载', 1, 'com.ksh.beam.system.controller.meeting.CourseController', 'download', '成功', '84', '2019-07-22 14:30:23', '2019-07-22 14:30:23', '269');
INSERT INTO `sys_operation_log` VALUES (1150601874915967237, '操作日志', '会议课件分页', 1, 'com.ksh.beam.system.controller.meeting.CourseController', 'pageList', '成功', '{\"currentPage\":1,\"pageSize\":5}', '2019-07-22 14:31:50', '2019-07-22 14:31:50', '711');
INSERT INTO `sys_operation_log` VALUES (1150601874915967238, '操作日志', '会议课件下载', 1, 'com.ksh.beam.system.controller.meeting.CourseController', 'download', '成功', '84', '2019-07-22 14:31:54', '2019-07-22 14:31:54', '277');
INSERT INTO `sys_operation_log` VALUES (1150601874915967239, '操作日志', '会议课件分页', 1, 'com.ksh.beam.system.controller.meeting.CourseController', 'pageList', '成功', '{\"currentPage\":1,\"pageSize\":5}', '2019-07-22 14:34:21', '2019-07-22 14:34:21', '1259');
INSERT INTO `sys_operation_log` VALUES (1150601874915967240, '操作日志', '会议课件分页', 1, 'com.ksh.beam.system.controller.meeting.CourseController', 'pageList', '成功', '{\"currentPage\":1,\"pageSize\":5}', '2019-07-22 14:39:53', '2019-07-22 14:39:53', '312');
INSERT INTO `sys_operation_log` VALUES (1150601874915967241, '操作日志', '会议课件分页', 1, 'com.ksh.beam.system.controller.meeting.CourseController', 'pageList', '成功', '{\"currentPage\":1,\"pageSize\":5}', '2019-07-22 14:40:07', '2019-07-22 14:40:07', '43');
INSERT INTO `sys_operation_log` VALUES (1150601874915967242, '操作日志', '会议课件下载', 1, 'com.ksh.beam.system.controller.meeting.CourseController', 'download', '成功', '85', '2019-07-22 14:40:10', '2019-07-22 14:40:10', '151');
INSERT INTO `sys_operation_log` VALUES (1150601874915967243, '操作日志', '会议课件下载', 1, 'com.ksh.beam.system.controller.meeting.CourseController', 'download', '成功', '85', '2019-07-22 14:40:50', '2019-07-22 14:40:50', '22847');
INSERT INTO `sys_operation_log` VALUES (1150601874915967244, '操作日志', '会议课件上传', 1, 'com.ksh.beam.system.controller.meeting.CourseController', 'ftpUploadFile', '成功', '{\"part\":{\"fileItem\":{\"fieldName\":\"file\",\"contentType\":\"image/jpeg\",\"isFormField\":false,\"fileName\":\"空洞骑士 (2).jpg\",\"size\":-1,\"sizeThreshold\":0,\"repository\":{\"path\":\"C:\\\\Users\\\\Dell\\\\AppData\\\\Local\\\\Temp\\\\tomcat.6704894434919170602.8080\\\\work\\\\Tomcat\\\\localhost\\\\beam_ht\"},\"headers\":{\"headerNameToValueListMap\":{\"content-disposition\":[\"form-data; name\\u003d\\\"file\\\"; filename\\u003d\\\"空洞骑士 (2).jpg\\\"\"],\"content-type\":[\"image/jpeg\"]}},\"defaultCharset\":\"ISO-8859-1\"},\"location\":{\"path\":\"C:\\\\Users\\\\Dell\\\\AppData\\\\Local\\\\Temp\\\\tomcat.6704894434919170602.8080\\\\work\\\\Tomcat\\\\localhost\\\\beam_ht\"}},\"filename\":\"空洞骑士 (2).jpg\"}', '2019-07-22 14:41:16', '2019-07-22 14:41:16', '3152');
INSERT INTO `sys_operation_log` VALUES (1150601874915967245, '操作日志', '会议课件分页', 1, 'com.ksh.beam.system.controller.meeting.CourseController', 'pageList', '成功', '{\"currentPage\":1,\"pageSize\":5}', '2019-07-22 14:41:16', '2019-07-22 14:41:16', '71');
INSERT INTO `sys_operation_log` VALUES (1150601874915967246, '操作日志', '会议课件下载', 1, 'com.ksh.beam.system.controller.meeting.CourseController', 'download', '成功', '84', '2019-07-22 14:41:44', '2019-07-22 14:41:44', '5605');
INSERT INTO `sys_operation_log` VALUES (1150601874915967247, '操作日志', '会议课件下载', 1, 'com.ksh.beam.system.controller.meeting.CourseController', 'download', '成功', '84', '2019-07-22 14:42:36', '2019-07-22 14:42:36', '312');
INSERT INTO `sys_operation_log` VALUES (1150601874915967248, '操作日志', '会议课件下载', 1, 'com.ksh.beam.system.controller.meeting.CourseController', 'download', '成功', '84', '2019-07-22 14:42:50', '2019-07-22 14:42:50', '189');
INSERT INTO `sys_operation_log` VALUES (1150601874915967249, '操作日志', '会议课件下载', 1, 'com.ksh.beam.system.controller.meeting.CourseController', 'download', '成功', '85', '2019-07-22 14:44:59', '2019-07-22 14:44:59', '235');
INSERT INTO `sys_operation_log` VALUES (1150601874915967250, '操作日志', '会议课件下载', 1, 'com.ksh.beam.system.controller.meeting.CourseController', 'download', '成功', '85', '2019-07-22 14:45:24', '2019-07-22 14:45:24', '122');
INSERT INTO `sys_operation_log` VALUES (1150601874915967251, '操作日志', '会议课件下载', 1, 'com.ksh.beam.system.controller.meeting.CourseController', 'download', '成功', '84', '2019-07-22 14:49:40', '2019-07-22 14:49:40', '1020');
INSERT INTO `sys_operation_log` VALUES (1150601874915967252, '操作日志', '会议课件下载', 1, 'com.ksh.beam.system.controller.meeting.CourseController', 'download', '成功', '86', '2019-07-22 15:16:56', '2019-07-22 15:16:56', '353');
INSERT INTO `sys_operation_log` VALUES (1150601874915967253, '操作日志', '会议课件分页', 1, 'com.ksh.beam.system.controller.meeting.CourseController', 'pageList', '成功', '{\"currentPage\":1,\"pageSize\":5}', '2019-07-22 15:24:05', '2019-07-22 15:24:05', '272');
INSERT INTO `sys_operation_log` VALUES (1150601874915967254, '操作日志', '会议课件下载', 1, 'com.ksh.beam.system.controller.meeting.CourseController', 'download', '成功', '85', '2019-07-22 15:24:10', '2019-07-22 15:24:10', '154');
INSERT INTO `sys_operation_log` VALUES (1150601874915967255, '操作日志', '会议课件分页', 1, 'com.ksh.beam.system.controller.meeting.CourseController', 'pageList', '成功', '{\"currentPage\":1,\"pageSize\":5}', '2019-07-22 15:31:13', '2019-07-22 15:31:13', '187');
INSERT INTO `sys_operation_log` VALUES (1150601874915967256, '操作日志', '会议课件下载', 1, 'com.ksh.beam.system.controller.meeting.CourseController', 'download', '成功', '84', '2019-07-22 15:32:40', '2019-07-22 15:32:40', '399');
INSERT INTO `sys_operation_log` VALUES (1150601874915967257, '操作日志', '会议课件分页', 1, 'com.ksh.beam.system.controller.meeting.CourseController', 'pageList', '成功', '{\"currentPage\":1,\"pageSize\":5}', '2019-07-22 15:40:27', '2019-07-22 15:40:27', '359');
INSERT INTO `sys_operation_log` VALUES (1150601874915967258, '操作日志', '会议课件分页', 1, 'com.ksh.beam.system.controller.meeting.CourseController', 'pageList', '成功', '{\"currentPage\":1,\"pageSize\":5}', '2019-07-22 15:40:49', '2019-07-22 15:40:49', '55');
INSERT INTO `sys_operation_log` VALUES (1150601874915967259, '操作日志', '会议课件下载', 1, 'com.ksh.beam.system.controller.meeting.CourseController', 'download', '成功', '84', '2019-07-22 15:41:07', '2019-07-22 15:41:07', '241');
INSERT INTO `sys_operation_log` VALUES (1150601874915967260, '操作日志', '会议课件分页', 1, 'com.ksh.beam.system.controller.meeting.CourseController', 'pageList', '成功', '{\"currentPage\":1,\"pageSize\":5}', '2019-07-22 15:44:11', '2019-07-22 15:44:11', '920');
INSERT INTO `sys_operation_log` VALUES (1150601874915967261, '操作日志', '会议课件分页', 1, 'com.ksh.beam.system.controller.meeting.CourseController', 'pageList', '成功', '{\"currentPage\":1,\"pageSize\":5}', '2019-07-22 15:44:11', '2019-07-22 15:44:11', '15');
INSERT INTO `sys_operation_log` VALUES (1150601874915967262, '操作日志', '会议课件下载', 1, 'com.ksh.beam.system.controller.meeting.CourseController', 'download', '成功', '84', '2019-07-22 15:44:15', '2019-07-22 15:44:15', '261');
INSERT INTO `sys_operation_log` VALUES (1150601874915967263, '操作日志', '会议课件分页', 1, 'com.ksh.beam.system.controller.meeting.CourseController', 'pageList', '成功', '{\"currentPage\":1,\"pageSize\":5}', '2019-07-22 15:44:39', '2019-07-22 15:44:39', '180');
INSERT INTO `sys_operation_log` VALUES (1150601874915967264, '操作日志', '会议课件下载', 1, 'com.ksh.beam.system.controller.meeting.CourseController', 'download', '成功', '84', '2019-07-22 15:44:42', '2019-07-22 15:44:42', '198');
INSERT INTO `sys_operation_log` VALUES (1150601874915967265, '操作日志', '会议课件分页', 1, 'com.ksh.beam.system.controller.meeting.CourseController', 'pageList', '成功', '{\"currentPage\":1,\"pageSize\":5}', '2019-07-22 15:45:10', '2019-07-22 15:45:10', '257');
INSERT INTO `sys_operation_log` VALUES (1150601874915967266, '操作日志', '会议课件下载', 1, 'com.ksh.beam.system.controller.meeting.CourseController', 'download', '成功', '84', '2019-07-22 15:45:14', '2019-07-22 15:45:14', '407');
INSERT INTO `sys_operation_log` VALUES (1150601874915967267, '操作日志', '会议课件分页', 1, 'com.ksh.beam.system.controller.meeting.CourseController', 'pageList', '成功', '{\"currentPage\":1,\"pageSize\":5}', '2019-07-22 15:52:59', '2019-07-22 15:52:59', '349');
INSERT INTO `sys_operation_log` VALUES (1150601874915967268, '操作日志', '会议课件下载', 1, 'com.ksh.beam.system.controller.meeting.CourseController', 'download', '成功', '84', '2019-07-22 15:53:06', '2019-07-22 15:53:06', '251');
INSERT INTO `sys_operation_log` VALUES (1150601874915967269, '操作日志', '会议课件分页', 1, 'com.ksh.beam.system.controller.meeting.CourseController', 'pageList', '成功', '{\"currentPage\":1,\"pageSize\":5}', '2019-07-22 15:54:22', '2019-07-22 15:54:22', '936');
INSERT INTO `sys_operation_log` VALUES (1150601874915967270, '操作日志', '会议课件分页', 1, 'com.ksh.beam.system.controller.meeting.CourseController', 'pageList', '成功', '{\"currentPage\":1,\"pageSize\":5}', '2019-07-22 15:54:57', '2019-07-22 15:54:57', '185');
INSERT INTO `sys_operation_log` VALUES (1150601874915967271, '操作日志', '会议课件分页', 1, 'com.ksh.beam.system.controller.meeting.CourseController', 'pageList', '成功', '{\"currentPage\":1,\"pageSize\":5}', '2019-07-22 15:55:16', '2019-07-22 15:55:16', '181');
INSERT INTO `sys_operation_log` VALUES (1150601874915967272, '操作日志', '会议课件下载', 1, 'com.ksh.beam.system.controller.meeting.CourseController', 'download', '成功', '86', '2019-07-22 15:55:20', '2019-07-22 15:55:20', '181');
INSERT INTO `sys_operation_log` VALUES (1150601874915967273, '操作日志', '会议课件分页', 1, 'com.ksh.beam.system.controller.meeting.CourseController', 'pageList', '成功', '{\"currentPage\":1,\"pageSize\":5}', '2019-07-22 16:32:19', '2019-07-22 16:32:19', '2080');
INSERT INTO `sys_operation_log` VALUES (1150601874915967274, '操作日志', '会议课件分页', 1, 'com.ksh.beam.system.controller.meeting.CourseController', 'pageList', '成功', '{\"currentPage\":1,\"pageSize\":5}', '2019-07-22 16:49:07', '2019-07-22 16:49:07', '219');
INSERT INTO `sys_operation_log` VALUES (1150601874915967275, '操作日志', '会议课件上传', 1, 'com.ksh.beam.system.controller.meeting.CourseController', 'ftpUploadFile', '成功', '{\"part\":{\"fileItem\":{\"fieldName\":\"file\",\"contentType\":\"image/jpeg\",\"isFormField\":false,\"fileName\":\"w (1).jpg\",\"size\":-1,\"sizeThreshold\":0,\"repository\":{\"path\":\"C:\\\\Users\\\\Dell\\\\AppData\\\\Local\\\\Temp\\\\tomcat.4857096982560746496.8080\\\\work\\\\Tomcat\\\\localhost\\\\beam_ht\"},\"headers\":{\"headerNameToValueListMap\":{\"content-disposition\":[\"form-data; name\\u003d\\\"file\\\"; filename\\u003d\\\"w (1).jpg\\\"\"],\"content-type\":[\"image/jpeg\"]}},\"defaultCharset\":\"ISO-8859-1\"},\"location\":{\"path\":\"C:\\\\Users\\\\Dell\\\\AppData\\\\Local\\\\Temp\\\\tomcat.4857096982560746496.8080\\\\work\\\\Tomcat\\\\localhost\\\\beam_ht\"}},\"filename\":\"w (1).jpg\"}', '2019-07-22 16:49:24', '2019-07-22 16:49:24', '8366');
INSERT INTO `sys_operation_log` VALUES (1150601874915967276, '操作日志', '会议课件分页', 1, 'com.ksh.beam.system.controller.meeting.CourseController', 'pageList', '成功', '{\"currentPage\":1,\"pageSize\":5}', '2019-07-22 16:49:25', '2019-07-22 16:49:25', '34');
INSERT INTO `sys_operation_log` VALUES (1150601874915967277, '操作日志', '会议课件下载', 1, 'com.ksh.beam.system.controller.meeting.CourseController', 'download', '成功', '87', '2019-07-22 16:49:31', '2019-07-22 16:49:31', '122');
INSERT INTO `sys_operation_log` VALUES (1150601874915967278, '操作日志', '会议列表分页', 1, 'com.ksh.beam.system.controller.meeting.ListController', 'pageList', '成功', '{\"currentPage\":1,\"pageSize\":10}', '2019-07-22 16:49:48', '2019-07-22 16:49:48', '508');
INSERT INTO `sys_operation_log` VALUES (1150601874915967279, '操作日志', '会议列表导出', 1, 'com.ksh.beam.system.controller.meeting.ListController', 'exportExcel', '成功', '{\"currentPage\":1,\"pageSize\":10}', '2019-07-22 16:50:08', '2019-07-22 16:50:08', '4664');
INSERT INTO `sys_operation_log` VALUES (1150601874915967280, '操作日志', '会议课件分页', 1, 'com.ksh.beam.system.controller.meeting.CourseController', 'pageList', '成功', '{\"currentPage\":1,\"pageSize\":5}', '2019-07-22 17:02:20', '2019-07-22 17:02:20', '568');
INSERT INTO `sys_operation_log` VALUES (1150601874915967281, '操作日志', '会议课件上传', 1, 'com.ksh.beam.system.controller.meeting.CourseController', 'ftpUploadFile', '成功', '{\"part\":{\"fileItem\":{\"fieldName\":\"file\",\"contentType\":\"image/jpeg\",\"isFormField\":false,\"fileName\":\"w (16).jpg\",\"size\":-1,\"sizeThreshold\":0,\"repository\":{\"path\":\"C:\\\\Users\\\\Dell\\\\AppData\\\\Local\\\\Temp\\\\tomcat.3903739332625202266.8080\\\\work\\\\Tomcat\\\\localhost\\\\beam_ht\"},\"headers\":{\"headerNameToValueListMap\":{\"content-disposition\":[\"form-data; name\\u003d\\\"file\\\"; filename\\u003d\\\"w (16).jpg\\\"\"],\"content-type\":[\"image/jpeg\"]}},\"defaultCharset\":\"ISO-8859-1\"},\"location\":{\"path\":\"C:\\\\Users\\\\Dell\\\\AppData\\\\Local\\\\Temp\\\\tomcat.3903739332625202266.8080\\\\work\\\\Tomcat\\\\localhost\\\\beam_ht\"}},\"filename\":\"w (16).jpg\"}', '2019-07-22 17:02:54', '2019-07-22 17:02:54', '22049');
INSERT INTO `sys_operation_log` VALUES (1150601874915967282, '操作日志', '会议课件分页', 1, 'com.ksh.beam.system.controller.meeting.CourseController', 'pageList', '成功', '{\"currentPage\":1,\"pageSize\":5}', '2019-07-22 17:02:55', '2019-07-22 17:02:55', '66');
INSERT INTO `sys_operation_log` VALUES (1150601874915967283, '操作日志', '会议课件分页', 1, 'com.ksh.beam.system.controller.meeting.CourseController', 'pageList', '成功', '{\"currentPage\":1,\"pageSize\":5}', '2019-07-23 09:46:49', '2019-07-23 09:46:49', '126');
INSERT INTO `sys_operation_log` VALUES (1150601874915967284, '操作日志', '会议课件上传', 1, 'com.ksh.beam.system.controller.meeting.CourseController', 'ftpUploadFile', '成功', '{\"part\":{\"fileItem\":{\"fieldName\":\"file\",\"contentType\":\"image/jpeg\",\"isFormField\":false,\"fileName\":\"w (1).jpg\",\"size\":-1,\"sizeThreshold\":0,\"repository\":{\"path\":\"C:\\\\Users\\\\Dell\\\\AppData\\\\Local\\\\Temp\\\\tomcat.5999740683314071216.8080\\\\work\\\\Tomcat\\\\localhost\\\\beam_ht\"},\"headers\":{\"headerNameToValueListMap\":{\"content-disposition\":[\"form-data; name\\u003d\\\"file\\\"; filename\\u003d\\\"w (1).jpg\\\"\"],\"content-type\":[\"image/jpeg\"]}},\"defaultCharset\":\"ISO-8859-1\"},\"location\":{\"path\":\"C:\\\\Users\\\\Dell\\\\AppData\\\\Local\\\\Temp\\\\tomcat.5999740683314071216.8080\\\\work\\\\Tomcat\\\\localhost\\\\beam_ht\"}},\"filename\":\"w (1).jpg\"}', '2019-07-23 09:47:16', '2019-07-23 09:47:16', '21110');
INSERT INTO `sys_operation_log` VALUES (1150601874915967285, '操作日志', '会议课件上传', 1, 'com.ksh.beam.system.controller.meeting.CourseController', 'ftpUploadFile', '成功', '{\"part\":{\"fileItem\":{\"fieldName\":\"file\",\"contentType\":\"application/octet-stream\",\"isFormField\":false,\"fileName\":\"科室汇管理后台需求文档_1.0.docx\",\"size\":-1,\"sizeThreshold\":0,\"repository\":{\"path\":\"C:\\\\Users\\\\Dell\\\\AppData\\\\Local\\\\Temp\\\\tomcat.5999740683314071216.8080\\\\work\\\\Tomcat\\\\localhost\\\\beam_ht\"},\"headers\":{\"headerNameToValueListMap\":{\"content-disposition\":[\"form-data; name\\u003d\\\"file\\\"; filename\\u003d\\\"科室汇管理后台需求文档_1.0.docx\\\"\"],\"content-type\":[\"application/octet-stream\"]}},\"defaultCharset\":\"ISO-8859-1\"},\"location\":{\"path\":\"C:\\\\Users\\\\Dell\\\\AppData\\\\Local\\\\Temp\\\\tomcat.5999740683314071216.8080\\\\work\\\\Tomcat\\\\localhost\\\\beam_ht\"}},\"filename\":\"科室汇管理后台需求文档_1.0.docx\"}', '2019-07-23 09:49:52', '2019-07-23 09:49:52', '47160');
INSERT INTO `sys_operation_log` VALUES (1150601874915967286, '操作日志', '会议课件分页', 1, 'com.ksh.beam.system.controller.meeting.CourseController', 'pageList', '成功', '{\"currentPage\":1,\"pageSize\":5}', '2019-07-23 09:49:55', '2019-07-23 09:49:55', '251');
INSERT INTO `sys_operation_log` VALUES (1150601874915967287, '操作日志', '会议课件下载', 1, 'com.ksh.beam.system.controller.meeting.CourseController', 'download', '成功', '89', '2019-07-23 09:50:04', '2019-07-23 09:50:04', '315');
INSERT INTO `sys_operation_log` VALUES (1150601874915967288, '异常日志', '', 1, NULL, NULL, '失败', '/ by zero', '2019-07-23 10:28:39', '2019-07-23 10:28:39', 'null');
INSERT INTO `sys_operation_log` VALUES (1150601874915967289, '异常日志', '', 1, NULL, NULL, '失败', '/ by zero', '2019-07-23 10:35:16', '2019-07-23 10:35:16', 'null');
INSERT INTO `sys_operation_log` VALUES (1150601874915967290, '异常日志', '', 1, NULL, NULL, '失败', '/ by zero', '2019-07-23 10:38:04', '2019-07-23 10:38:04', 'null');
INSERT INTO `sys_operation_log` VALUES (1150601874915967291, '异常日志', '', 1, NULL, NULL, '失败', '/ by zero', '2019-07-23 10:38:16', '2019-07-23 10:38:16', 'null');
INSERT INTO `sys_operation_log` VALUES (1150601874915967292, '异常日志', '', 1, NULL, NULL, '失败', '/ by zero', '2019-07-23 10:46:34', '2019-07-23 10:46:34', 'null');
INSERT INTO `sys_operation_log` VALUES (1150601874915967293, '异常日志', '', 1, NULL, NULL, '失败', '/ by zero', '2019-07-23 10:46:56', '2019-07-23 10:46:56', 'null');
INSERT INTO `sys_operation_log` VALUES (1150601874915967294, '异常日志', '', 1, NULL, NULL, '失败', '/ by zero', '2019-07-23 10:47:21', '2019-07-23 10:47:21', 'null');
INSERT INTO `sys_operation_log` VALUES (1150601874915967295, '操作日志', '会议课件分页', 1, 'com.ksh.beam.system.controller.meeting.CourseController', 'pageList', '成功', '{\"currentPage\":1,\"pageSize\":5}', '2019-07-23 17:40:03', '2019-07-23 17:40:03', '176');
INSERT INTO `sys_operation_log` VALUES (1150601874915967296, '操作日志', '会议课件分页', 1, 'com.ksh.beam.system.controller.meeting.CourseController', 'pageList', '成功', '{\"currentPage\":1,\"pageSize\":5}', '2019-07-23 17:41:33', '2019-07-23 17:41:33', '16');
INSERT INTO `sys_operation_log` VALUES (1150601874915967297, '操作日志', '会议课件分页', 1, 'com.ksh.beam.system.controller.meeting.CourseController', 'pageList', '成功', '{\"currentPage\":1,\"pageSize\":5}', '2019-07-23 17:43:51', '2019-07-23 17:43:51', '31');
INSERT INTO `sys_operation_log` VALUES (1150601874915967298, '操作日志', '会议列表分页', 1, 'com.ksh.beam.system.controller.meeting.MeetingListController', 'pageList', '成功', '{\"currentPage\":1,\"pageSize\":10}', '2019-07-24 14:16:51', '2019-07-24 14:16:51', '174');
INSERT INTO `sys_operation_log` VALUES (1150601874915967299, '异常日志', '', 1, NULL, NULL, '失败', '/ by zero', '2019-07-24 14:17:07', '2019-07-24 14:17:07', 'null');
INSERT INTO `sys_operation_log` VALUES (1150601874915967300, '异常日志', '', 1, NULL, NULL, '失败', '/ by zero', '2019-07-24 14:17:33', '2019-07-24 14:17:33', 'null');
INSERT INTO `sys_operation_log` VALUES (1150601874915967301, '异常日志', '', 1, NULL, NULL, '失败', '/ by zero', '2019-07-24 14:17:45', '2019-07-24 14:17:45', 'null');
INSERT INTO `sys_operation_log` VALUES (1150601874915967302, '异常日志', '', 1, NULL, NULL, '失败', '/ by zero', '2019-07-24 14:18:05', '2019-07-24 14:18:05', 'null');
INSERT INTO `sys_operation_log` VALUES (1150601874915967303, '异常日志', '', 1, NULL, NULL, '失败', '/ by zero', '2019-07-24 14:20:32', '2019-07-24 14:20:32', 'null');
INSERT INTO `sys_operation_log` VALUES (1150601874915967304, '异常日志', '', 1, NULL, NULL, '失败', '/ by zero', '2019-07-24 14:20:50', '2019-07-24 14:20:50', 'null');
INSERT INTO `sys_operation_log` VALUES (1150601874915967305, '异常日志', '', 1, NULL, NULL, '失败', '/ by zero', '2019-07-24 14:26:15', '2019-07-24 14:26:15', 'null');
INSERT INTO `sys_operation_log` VALUES (1150601874915967306, '异常日志', '', 1, NULL, NULL, '失败', '/ by zero', '2019-07-24 14:33:28', '2019-07-24 14:33:28', 'null');
INSERT INTO `sys_operation_log` VALUES (1150601874915967307, '异常日志', '', 1, NULL, NULL, '失败', '/ by zero', '2019-07-24 14:35:25', '2019-07-24 14:35:25', 'null');
INSERT INTO `sys_operation_log` VALUES (1150601874915967308, '操作日志', '会议课件分页', 1, 'com.ksh.beam.system.controller.meeting.CourseController', 'pageList', '成功', '{\"currentPage\":1,\"pageSize\":5}', '2019-07-25 10:51:27', '2019-07-25 10:51:27', '181');
INSERT INTO `sys_operation_log` VALUES (1150601874915967309, '操作日志', '会议课件分页', 1, 'com.ksh.beam.system.controller.meeting.CourseController', 'pageList', '成功', '{\"currentPage\":1,\"pageSize\":5}', '2019-07-25 10:51:33', '2019-07-25 10:51:33', '16');
INSERT INTO `sys_operation_log` VALUES (1150601874915967310, '操作日志', '会议课件分页', 1, 'com.ksh.beam.system.controller.meeting.CourseController', 'pageList', '成功', '{\"currentPage\":1,\"pageSize\":5}', '2019-07-25 10:51:43', '2019-07-25 10:51:43', '10');
INSERT INTO `sys_operation_log` VALUES (1150601874915967311, '操作日志', '会议课件分页', 1, 'com.ksh.beam.system.controller.meeting.CourseController', 'pageList', '成功', '{\"currentPage\":1,\"pageSize\":5}', '2019-07-25 10:53:35', '2019-07-25 10:53:35', '21');
INSERT INTO `sys_operation_log` VALUES (1150601874915967312, '异常日志', '', 1, NULL, NULL, '失败', 'Required request body is missing: public com.ksh.beam.common.utils.R com.ksh.beam.system.controller.meeting.CourseController.del(java.lang.Long[])', '2019-07-25 10:53:45', '2019-07-25 10:53:45', 'null');
INSERT INTO `sys_operation_log` VALUES (1150601874915967313, '异常日志', '', 1, NULL, NULL, '失败', 'Required request body is missing: public com.ksh.beam.common.utils.R com.ksh.beam.system.controller.meeting.CourseController.del(java.lang.Long[])', '2019-07-25 10:53:55', '2019-07-25 10:53:55', 'null');
INSERT INTO `sys_operation_log` VALUES (1150601874915967314, '操作日志', '会议课件分页', 1, 'com.ksh.beam.system.controller.meeting.CourseController', 'pageList', '成功', '{\"currentPage\":1,\"pageSize\":5}', '2019-07-25 10:54:48', '2019-07-25 10:54:48', '33');
INSERT INTO `sys_operation_log` VALUES (1150601874915967315, '操作日志', '会议课件分页', 1, 'com.ksh.beam.system.controller.meeting.CourseController', 'pageList', '成功', '{\"currentPage\":1,\"pageSize\":5}', '2019-07-25 10:55:59', '2019-07-25 10:55:59', '125');
INSERT INTO `sys_operation_log` VALUES (1150601874915967316, '操作日志', '会议课件分页', 1, 'com.ksh.beam.system.controller.meeting.CourseController', 'pageList', '成功', '{\"currentPage\":1,\"pageSize\":5}', '2019-07-25 10:58:07', '2019-07-25 10:58:07', '126');
INSERT INTO `sys_operation_log` VALUES (1150601874915967317, '操作日志', '会议课件分页', 1, 'com.ksh.beam.system.controller.meeting.CourseController', 'pageList', '成功', '{\"currentPage\":1,\"pageSize\":5}', '2019-07-25 10:59:19', '2019-07-25 10:59:19', '24');
INSERT INTO `sys_operation_log` VALUES (1150601874915967318, '操作日志', '会议课件分页', 1, 'com.ksh.beam.system.controller.meeting.CourseController', 'pageList', '成功', '{\"currentPage\":1,\"pageSize\":5}', '2019-07-25 10:59:28', '2019-07-25 10:59:28', '20');
INSERT INTO `sys_operation_log` VALUES (1150601874915967319, '操作日志', '会议课件分页', 1, 'com.ksh.beam.system.controller.meeting.CourseController', 'pageList', '成功', '{\"currentPage\":1,\"pageSize\":5}', '2019-07-25 10:59:51', '2019-07-25 10:59:51', '13');
INSERT INTO `sys_operation_log` VALUES (1150601874915967320, '操作日志', '会议课件分页', 1, 'com.ksh.beam.system.controller.meeting.CourseController', 'pageList', '成功', '{\"currentPage\":1,\"pageSize\":5}', '2019-07-25 11:00:54', '2019-07-25 11:00:54', '25');
INSERT INTO `sys_operation_log` VALUES (1150601874915967321, '操作日志', '会议课件分页', 1, 'com.ksh.beam.system.controller.meeting.CourseController', 'pageList', '成功', '{\"currentPage\":1,\"pageSize\":5}', '2019-07-25 11:01:21', '2019-07-25 11:01:21', '21');
INSERT INTO `sys_operation_log` VALUES (1150601874915967322, '操作日志', '会议课件分页', 1, 'com.ksh.beam.system.controller.meeting.CourseController', 'pageList', '成功', '{\"currentPage\":1,\"pageSize\":5}', '2019-07-25 11:02:23', '2019-07-25 11:02:23', '24');
INSERT INTO `sys_operation_log` VALUES (1150601874915967323, '操作日志', '会议课件分页', 1, 'com.ksh.beam.system.controller.meeting.CourseController', 'pageList', '成功', '{\"currentPage\":1,\"pageSize\":5}', '2019-07-25 11:12:42', '2019-07-25 11:12:42', '138');
INSERT INTO `sys_operation_log` VALUES (1150601874915967324, '操作日志', '会议课件分页', 1, 'com.ksh.beam.system.controller.meeting.CourseController', 'pageList', '成功', '{\"currentPage\":1,\"pageSize\":5}', '2019-07-25 13:40:24', '2019-07-25 13:40:24', '34');
INSERT INTO `sys_operation_log` VALUES (1150601874915967325, '操作日志', '会议列表分页', 1, 'com.ksh.beam.system.controller.meeting.MeetingListController', 'pageList', '成功', '{\"currentPage\":1,\"pageSize\":10}', '2019-07-25 13:40:29', '2019-07-25 13:40:29', '43');
INSERT INTO `sys_operation_log` VALUES (1150601874915967326, '操作日志', '会议列表分页', 1, 'com.ksh.beam.system.controller.meeting.MeetingListController', 'pageList', '成功', '{\"startTime\":\"2019-07-18\",\"currentPage\":1,\"pageSize\":10}', '2019-07-25 13:40:38', '2019-07-25 13:40:38', '36');
INSERT INTO `sys_operation_log` VALUES (1150601874915967327, '操作日志', '会议列表分页', 1, 'com.ksh.beam.system.controller.meeting.MeetingListController', 'pageList', '成功', '{\"currentPage\":1,\"pageSize\":10}', '2019-07-25 13:42:44', '2019-07-25 13:42:44', '33');
INSERT INTO `sys_operation_log` VALUES (1150601874915967328, '操作日志', '会议列表分页', 1, 'com.ksh.beam.system.controller.meeting.MeetingListController', 'pageList', '成功', '{\"currentPage\":1,\"pageSize\":10}', '2019-07-25 13:42:57', '2019-07-25 13:42:57', '44');
INSERT INTO `sys_operation_log` VALUES (1150601874915967329, '操作日志', '会议列表分页', 1, 'com.ksh.beam.system.controller.meeting.MeetingListController', 'pageList', '成功', '{\"endTime\":\"2019-07-10\",\"currentPage\":1,\"pageSize\":10}', '2019-07-25 13:43:01', '2019-07-25 13:43:01', '38');
INSERT INTO `sys_operation_log` VALUES (1150601874915967330, '操作日志', '会议列表分页', 1, 'com.ksh.beam.system.controller.meeting.MeetingListController', 'pageList', '成功', '{\"currentPage\":1,\"pageSize\":10}', '2019-07-25 13:43:41', '2019-07-25 13:43:41', '17');
INSERT INTO `sys_operation_log` VALUES (1150601874915967331, '异常日志', '', 1, NULL, NULL, '失败', '\r\n### Error updating database.  Cause: java.sql.SQLSyntaxErrorException: You have an error in your SQL syntax; check the manual that corresponds to your MySQL server version for the right syntax to use near \'\' at line 1\r\n### The error may involve defaultParameterMap\r\n### The error occurred while setting parameters\r\n### SQL: update schedule_job set status = ? where id in\r\n### Cause: java.sql.SQLSyntaxErrorException: You have an error in your SQL syntax; check the manual that corresponds to your MySQL server version for the right syntax to use near \'\' at line 1\n; bad SQL grammar []; nested exception is java.sql.SQLSyntaxErrorException: You have an error in your SQL syntax; check the manual that corresponds to your MySQL server version for the right syntax to use near \'\' at line 1', '2019-07-25 14:37:59', '2019-07-25 14:37:59', 'null');
INSERT INTO `sys_operation_log` VALUES (1150601874915967332, '异常日志', '', 1, NULL, NULL, '失败', '\r\n### Error updating database.  Cause: java.sql.SQLSyntaxErrorException: You have an error in your SQL syntax; check the manual that corresponds to your MySQL server version for the right syntax to use near \'\' at line 1\r\n### The error may involve defaultParameterMap\r\n### The error occurred while setting parameters\r\n### SQL: update schedule_job set status = ? where id in\r\n### Cause: java.sql.SQLSyntaxErrorException: You have an error in your SQL syntax; check the manual that corresponds to your MySQL server version for the right syntax to use near \'\' at line 1\n; bad SQL grammar []; nested exception is java.sql.SQLSyntaxErrorException: You have an error in your SQL syntax; check the manual that corresponds to your MySQL server version for the right syntax to use near \'\' at line 1', '2019-07-25 14:38:04', '2019-07-25 14:38:04', 'null');

-- ----------------------------
-- Table structure for sys_role
-- ----------------------------
DROP TABLE IF EXISTS `sys_role`;
CREATE TABLE `sys_role`  (
  `id` bigint(20) NOT NULL AUTO_INCREMENT,
  `role_name` varchar(100) CHARACTER SET utf8 COLLATE utf8_general_ci NULL DEFAULT NULL COMMENT '角色名称',
  `remark` varchar(100) CHARACTER SET utf8 COLLATE utf8_general_ci NULL DEFAULT NULL COMMENT '备注',
  `create_time` datetime(0) NULL DEFAULT NULL COMMENT '创建时间',
  `update_time` datetime(0) NULL DEFAULT NULL,
  PRIMARY KEY (`id`) USING BTREE
) ENGINE = InnoDB AUTO_INCREMENT = 3 CHARACTER SET = utf8 COLLATE = utf8_general_ci COMMENT = '角色' ROW_FORMAT = Dynamic;

-- ----------------------------
-- Records of sys_role
-- ----------------------------
INSERT INTO `sys_role` VALUES (1, '超级管理员', '超级管理员', '2018-10-10 22:39:38', '2018-12-23 11:45:49');
INSERT INTO `sys_role` VALUES (2, '游客', '游客', '2018-12-23 03:45:15', '2019-04-12 07:12:41');

-- ----------------------------
-- Table structure for sys_role_menu
-- ----------------------------
DROP TABLE IF EXISTS `sys_role_menu`;
CREATE TABLE `sys_role_menu`  (
  `id` bigint(20) NOT NULL AUTO_INCREMENT,
  `role_id` bigint(20) NULL DEFAULT NULL COMMENT '角色ID',
  `menu_id` bigint(20) NULL DEFAULT NULL COMMENT '菜单ID',
  PRIMARY KEY (`id`) USING BTREE
) ENGINE = InnoDB AUTO_INCREMENT = 1437 CHARACTER SET = utf8 COLLATE = utf8_general_ci COMMENT = '角色与菜单对应关系' ROW_FORMAT = Dynamic;

-- ----------------------------
-- Records of sys_role_menu
-- ----------------------------
INSERT INTO `sys_role_menu` VALUES (1154, 1, 1);
INSERT INTO `sys_role_menu` VALUES (1155, 1, 2);
INSERT INTO `sys_role_menu` VALUES (1156, 1, 3);
INSERT INTO `sys_role_menu` VALUES (1157, 1, 4);
INSERT INTO `sys_role_menu` VALUES (1158, 1, 5);
INSERT INTO `sys_role_menu` VALUES (1159, 1, 6);
INSERT INTO `sys_role_menu` VALUES (1160, 1, 7);
INSERT INTO `sys_role_menu` VALUES (1161, 1, 8);
INSERT INTO `sys_role_menu` VALUES (1163, 1, 10);
INSERT INTO `sys_role_menu` VALUES (1164, 1, 11);
INSERT INTO `sys_role_menu` VALUES (1165, 1, 12);
INSERT INTO `sys_role_menu` VALUES (1166, 1, 13);
INSERT INTO `sys_role_menu` VALUES (1167, 1, 14);
INSERT INTO `sys_role_menu` VALUES (1168, 1, 15);
INSERT INTO `sys_role_menu` VALUES (1169, 1, 16);
INSERT INTO `sys_role_menu` VALUES (1170, 1, 17);
INSERT INTO `sys_role_menu` VALUES (1171, 1, 18);
INSERT INTO `sys_role_menu` VALUES (1172, 1, 19);
INSERT INTO `sys_role_menu` VALUES (1173, 1, 20);
INSERT INTO `sys_role_menu` VALUES (1174, 1, 21);
INSERT INTO `sys_role_menu` VALUES (1175, 1, 22);
INSERT INTO `sys_role_menu` VALUES (1176, 1, 23);
INSERT INTO `sys_role_menu` VALUES (1177, 1, 24);
INSERT INTO `sys_role_menu` VALUES (1178, 1, 25);
INSERT INTO `sys_role_menu` VALUES (1179, 1, 26);
INSERT INTO `sys_role_menu` VALUES (1180, 1, 27);
INSERT INTO `sys_role_menu` VALUES (1181, 1, 28);
INSERT INTO `sys_role_menu` VALUES (1182, 1, 29);
INSERT INTO `sys_role_menu` VALUES (1183, 1, 30);
INSERT INTO `sys_role_menu` VALUES (1184, 1, 31);
INSERT INTO `sys_role_menu` VALUES (1185, 1, 32);
INSERT INTO `sys_role_menu` VALUES (1186, 1, 33);
INSERT INTO `sys_role_menu` VALUES (1187, 1, 34);
INSERT INTO `sys_role_menu` VALUES (1188, 1, 35);
INSERT INTO `sys_role_menu` VALUES (1189, 1, 36);
INSERT INTO `sys_role_menu` VALUES (1190, 1, 37);
INSERT INTO `sys_role_menu` VALUES (1191, 1, 38);
INSERT INTO `sys_role_menu` VALUES (1192, 1, 39);
INSERT INTO `sys_role_menu` VALUES (1193, 1, 40);
INSERT INTO `sys_role_menu` VALUES (1194, 1, 41);
INSERT INTO `sys_role_menu` VALUES (1195, 1, 42);
INSERT INTO `sys_role_menu` VALUES (1196, 1, 43);
INSERT INTO `sys_role_menu` VALUES (1197, 1, 44);
INSERT INTO `sys_role_menu` VALUES (1198, 1, 45);
INSERT INTO `sys_role_menu` VALUES (1199, 1, 46);
INSERT INTO `sys_role_menu` VALUES (1200, 1, 47);
INSERT INTO `sys_role_menu` VALUES (1201, 1, 48);
INSERT INTO `sys_role_menu` VALUES (1202, 1, 49);
INSERT INTO `sys_role_menu` VALUES (1203, 1, 50);
INSERT INTO `sys_role_menu` VALUES (1204, 1, 51);
INSERT INTO `sys_role_menu` VALUES (1205, 1, 52);
INSERT INTO `sys_role_menu` VALUES (1437, 2, 1);
INSERT INTO `sys_role_menu` VALUES (1438, 2, 2);
INSERT INTO `sys_role_menu` VALUES (1439, 2, 3);
INSERT INTO `sys_role_menu` VALUES (1440, 2, 12);
INSERT INTO `sys_role_menu` VALUES (1441, 2, 16);
INSERT INTO `sys_role_menu` VALUES (1442, 2, 14);
INSERT INTO `sys_role_menu` VALUES (1443, 2, 15);
INSERT INTO `sys_role_menu` VALUES (1444, 2, 17);
INSERT INTO `sys_role_menu` VALUES (1445, 2, 4);
INSERT INTO `sys_role_menu` VALUES (1446, 2, 18);
INSERT INTO `sys_role_menu` VALUES (1447, 2, 21);
INSERT INTO `sys_role_menu` VALUES (1448, 2, 20);
INSERT INTO `sys_role_menu` VALUES (1449, 2, 5);
INSERT INTO `sys_role_menu` VALUES (1450, 2, 22);
INSERT INTO `sys_role_menu` VALUES (1451, 2, 24);
INSERT INTO `sys_role_menu` VALUES (1452, 2, 6);
INSERT INTO `sys_role_menu` VALUES (1453, 2, 26);
INSERT INTO `sys_role_menu` VALUES (1454, 2, 25);
INSERT INTO `sys_role_menu` VALUES (1455, 2, 40);
INSERT INTO `sys_role_menu` VALUES (1456, 2, 41);
INSERT INTO `sys_role_menu` VALUES (1457, 2, 45);
INSERT INTO `sys_role_menu` VALUES (1458, 2, 46);
INSERT INTO `sys_role_menu` VALUES (1459, 2, 42);
INSERT INTO `sys_role_menu` VALUES (1460, 2, 47);
INSERT INTO `sys_role_menu` VALUES (1461, 2, 48);
INSERT INTO `sys_role_menu` VALUES (1462, 2, 49);
INSERT INTO `sys_role_menu` VALUES (1463, 2, 43);
INSERT INTO `sys_role_menu` VALUES (1464, 2, 44);
INSERT INTO `sys_role_menu` VALUES (1465, 2, 50);
INSERT INTO `sys_role_menu` VALUES (1466, 2, 51);
INSERT INTO `sys_role_menu` VALUES (1467, 2, 52);

-- ----------------------------
-- Table structure for sys_user
-- ----------------------------
DROP TABLE IF EXISTS `sys_user`;
CREATE TABLE `sys_user`  (
  `id` bigint(20) NOT NULL AUTO_INCREMENT COMMENT '主键id',
  `avatar` varchar(512) CHARACTER SET utf8 COLLATE utf8_general_ci NULL DEFAULT NULL COMMENT '头像',
  `account` varchar(45) CHARACTER SET utf8 COLLATE utf8_general_ci NULL DEFAULT NULL COMMENT '账号',
  `password` varchar(128) CHARACTER SET utf8 COLLATE utf8_general_ci NULL DEFAULT NULL COMMENT '密码',
  `salt` varchar(45) CHARACTER SET utf8 COLLATE utf8_general_ci NULL DEFAULT NULL COMMENT 'md5密码盐',
  `name` varchar(45) CHARACTER SET utf8 COLLATE utf8_general_ci NULL DEFAULT NULL COMMENT '名字',
  `dept_id` bigint(20) NULL DEFAULT NULL,
  `birthday` varchar(10) CHARACTER SET utf8 COLLATE utf8_general_ci NULL DEFAULT NULL COMMENT '生日',
  `sex` int(11) NULL DEFAULT NULL COMMENT '性别（1：男 2：女）',
  `email` varchar(45) CHARACTER SET utf8 COLLATE utf8_general_ci NULL DEFAULT NULL COMMENT '电子邮件',
  `phone` varchar(45) CHARACTER SET utf8 COLLATE utf8_general_ci NULL DEFAULT NULL COMMENT '电话',
  `status` int(11) NULL DEFAULT NULL COMMENT '状态(1：可用  0：不可用)',
  `version` int(11) NULL DEFAULT NULL COMMENT '保留字段',
  `create_by` bigint(20) NULL DEFAULT NULL,
  `update_by` bigint(20) NULL DEFAULT NULL,
  `create_time` datetime(0) NULL DEFAULT NULL,
  `update_time` datetime(0) NULL DEFAULT NULL,
  `del_flag` tinyint(1) NULL DEFAULT NULL,
  `company_id` bigint(20) NULL DEFAULT NULL COMMENT '公司ID',
  PRIMARY KEY (`id`) USING BTREE,
  UNIQUE INDEX `account`(`account`) USING BTREE
) ENGINE = InnoDB AUTO_INCREMENT = 4 CHARACTER SET = utf8 COLLATE = utf8_general_ci COMMENT = '管理员表' ROW_FORMAT = Dynamic;

-- ----------------------------
-- Records of sys_user
-- ----------------------------
INSERT INTO `sys_user` VALUES (1, 'https://mwy-1259572200.cos.ap-beijing.myqcloud.com/50099e79-d9b6-4eaf-82fe-f912dad845ba.jpg', 'admin', 'aa0d7f0f4fc75910c2cab9a3547d4ec5fdfea6095c27fd2d13e17dc216df3581', 'BFDze8hBJwwhOw3BDvhg', 'admin', NULL, '2018-10-08', 1, 'admin@qq.com', '13412341234', 1, NULL, NULL, NULL, '2018-10-31 17:48:40', '2019-07-16 14:52:34', 0, NULL);
INSERT INTO `sys_user` VALUES (2, 'https://mwy-1259572200.cos.ap-beijing.myqcloud.com/50099e79-d9b6-4eaf-82fe-f912dad845ba.jpg', 'test', '7848e5f0b4a6d48ad145984735bf98efe2ff2ab4f99a92b2c29201207ea3fe5f', 'ZCCRZ4gOfa8WzorCBFii', 'test', 4, '2019-07-18', 1, 'test@163.com', '13412341234', 1, NULL, NULL, NULL, '2018-12-11 09:55:35', '2019-07-16 10:36:25', 0, 1);
INSERT INTO `sys_user` VALUES (3, 'https://mwy-1259572200.cos.ap-beijing.myqcloud.com/511f81d4-f216-484a-835b-743c4648a080.jpg', 'qwe', '8a3f7dd608fac8f941c1bafc8202b0e918b7193d5350871a58baa3b4f3e46658', 'B0nbSiCZSvHPSvyLk6Sj', 'qwe', 9, '2019-07-26', 1, 'Q@Q163.com', '13412341234', 1, NULL, NULL, NULL, '2019-07-16 14:55:50', '2019-07-23 10:35:16', 0, 7);

-- ----------------------------
-- Table structure for sys_user_role
-- ----------------------------
DROP TABLE IF EXISTS `sys_user_role`;
CREATE TABLE `sys_user_role`  (
  `id` bigint(20) NOT NULL AUTO_INCREMENT,
  `user_id` bigint(20) NULL DEFAULT NULL COMMENT '用户ID',
  `role_id` bigint(20) NULL DEFAULT NULL COMMENT '角色ID',
  PRIMARY KEY (`id`) USING BTREE
) ENGINE = InnoDB AUTO_INCREMENT = 74 CHARACTER SET = utf8 COLLATE = utf8_general_ci COMMENT = '用户与角色对应关系' ROW_FORMAT = Dynamic;

-- ----------------------------
-- Records of sys_user_role
-- ----------------------------
INSERT INTO `sys_user_role` VALUES (63, 2, 2);
INSERT INTO `sys_user_role` VALUES (64, 1, 1);
INSERT INTO `sys_user_role` VALUES (73, 3, 2);

SET FOREIGN_KEY_CHECKS = 1;
